names,sex
ابتسام,F
ابتهاج,F
ابتهال,F
اجتهاد,F
ازدهار,F
اعتدال,F
اعتماد,F
افتخار,F
افتكار,F
البتول,F
البندري,F
الجازي,F
الجوري,F
الجوهرة,F
الريم,F
العنود,F
الهنوف,F
امتثال,F
امتياز,F
انبهاج,F
انتصار,F
انتظار,F
انسجام,F
انشراح,F
انشراف,F
آلاء,F
آمال,F
آمنة,F
آيات,F
آية,F
أبرار,F
أثير,F
أثيل,F
أحلام,F
أرجوان,F
أروى,F
أريام,F
أريج,F
أزهار,F
أسارير,F
أسرار,F
أسماء,F
أسمى,F
أسيل,F
أشجان,F
أطياف,F
أغاريد,F
أفراح,F
أفكار,F
أفنان,F
ألطاف,F
ألفت,F
أم كلثوم,F
أمارة,F
أمال,F
أمامة,F
أماني,F
أمجاد,F
أمل,F
أمنية,F
أمواج,F
أميرة,F
أميمة,F
أمينة,F
أنسام,F
أنغام,F
أنهار,F
أنوار,F
أنيسة,F
أوصاف,F
إباء,F
إجلال,F
إحسان,F
إخلاص,F
إدراك,F
إسراء,F
إسعاد,F
إصلاح,F
إعزاز,F
إقبال,F
إقدام,F
إكليل,F
إنصاف,F
إنعام,F
إيثار,F
إيمان,F
إيناس,F
بائقة,F
بادرة,F
بارزة,F
بارعة,F
باركة,F
بارية,F
بازعة,F
باسطة,F
باسقة,F
باسلة,F
بانة,F
بتول,F
بثينة,F
بدرية,F
بديعة,F
براء,F
بسمة,F
بسيمة,F
بشاير,F
بشرى,F
بشيرة,F
بلقيس,F
بليغة,F
بهيجة,F
بهيسة,F
بيان,F
تارا,F
تالا,F
تانيا,F
تغاني,F
تمارة,F
تماضر,F
تماني,F
تهاني,F
تودد,F
توليب,F
تولين,F
تيسير,F
تيماء,F
ثراء,F
ثناء,F
ثوبة,F
ثويبة,F
جبرة,F
جبلة,F
جمانة,F
جميلة,F
جنا,F
جنى,F
جوان,F
جواهر,F
جود,F
جوري,F
جوهرة,F
جوى,F
جويرية,F
جيداء,F
جيهان,F
حسناء,F
حسنية,F
حصة,F
حفصة,F
حكمت,F
حليمة,F
حنان,F
حنيفة,F
حور,F
حوراء,F
حورية,F
حياة,F
خاتمة,F
خالدة,F
خديجة,F
خزامى,F
خزنة,F
خزينة,F
خلود,F
خولة,F
دارين,F
داليا,F
دانا,F
دانة,F
دانيا,F
دانية,F
دعجاء,F
دلال,F
دنيا,F
ديم,F
ديما,F
ديمة,F
دينا,F
ذبيانة,F
ذكية,F
رابعة,F
راتبة,F
راجحة,F
راحيل,F
راسخة,F
راغبة,F
رافقة,F
رافية,F
راقية,F
راما,F
رامة,F
رانيا,F
ربى,F
رجاء,F
رجيحة,F
رحاب,F
رحمة,F
رحيق,F
رخاء,F
ردينة,F
رزان,F
رزينة,F
رسمية,F
رسيل,F
رسيمة,F
رشا,F
رشيقة,F
رصينة,F
رضا,F
رضوة,F
رضوى,F
رغد,F
رفعة,F
رفيدة,F
رفيعة,F
رفيف,F
رقية,F
رمزية,F
رنا,F
رند,F
رنيم,F
رهام,F
رهف,F
رهيفة,F
رواء,F
روابي,F
روان,F
روز,F
روضة,F
رولا,F
رؤى,F
ريا,F
ريتا,F
ريتاج,F
ريتال,F
ريحانة,F
ريفان,F
ريم,F
ريما,F
ريماس,F
ريمة,F
ريناد,F
ريهام,F
ريوف,F
زاهية,F
زبيدة,F
زكية,F
زهراء,F
زهرة,F
زهور,F
زهية,F
زينب,F
زينة,F
سؤدد,F
سارا,F
سارة,F
سالي,F
سامية,F
ساندرا,F
ساهدة,F
ساهرة,F
سبيعة,F
سجى,F
سحر,F
سدر,F
سدن,F
سديم,F
سدين,F
سعاد,F
سعدة,F
سعيدة,F
سفيانة,F
سكينة,F
سلامة,F
سلطانة,F
سلمى,F
سلوى,F
سمة,F
سمر,F
سمراء,F
سمية,F
سميحة,F
سميرة,F
سناء,F
سندس,F
سها,F
سهاد,F
سهام,F
سهيلة,F
سونيا,F
سيرين,F
سيلين,F
شادن,F
شاكرة,F
شاهدة,F
شاهرة,F
شجن,F
شجون,F
شذى,F
شروق,F
شريفة,F
شكرية,F
شموخ,F
شهد,F
شهلاء,F
شوق,F
شيلاء,F
شيماء,F
شيهانة,F
صائنة,F
صابرة,F
صبا,F
صفا,F
صفاء,F
صفية,F
صمود,F
ضياء,F
طامحة,F
طريفة,F
طيب,F
طيف,F
ظافرة,F
ظبية,F
عايدة,F
عائدة,F
عائذة,F
عائشة,F
عابدة,F
عاتكة,F
عاطفة,F
عالية,F
عبادة,F
عبلة,F
عبير,F
عذاري,F
عذبة,F
عزة,F
عزيزة,F
عفاف,F
علياء,F
عنود,F
عهد,F
عهود,F
عيدة,F
غادة,F
غرام,F
غريبة,F
غزل,F
غزيل,F
غصون,F
غلا,F
غناء,F
غيثة,F
غيد,F
غيداء,F
فائقة,F
فاتن,F
فادية,F
فاطمة,F
فتحية,F
فتون,F
فتيحة,F
فجر,F
فخرية,F
فدوى,F
فرح,F
فردوس,F
فريدة,F
فصيحة,F
فكرية,F
فلوة,F
فنن,F
فهدة,F
فهيمة,F
فوزية,F
فيروز,F
قمر,F
قنوت,F
كاتيا,F
كادي,F
كاظمة,F
كاملة,F
كبرى,F
كريمة,F
كفى,F
كندة,F
كنزى,F
كوثر,F
كيان,F
لوزت,F
لولوة,F
لؤلؤة,F
لارا,F
لانا,F
لبانة,F
لبنى,F
لجين,F
لجينة,F
لذة,F
لطفية,F
لطيفة,F
لمى,F
لمياء,F
لميس,F
لهيفة,F
ليال,F
ليالي,F
ليان,F
ليلى,F
لين,F
لينا,F
ماريا,F
مارية,F
ماهة,F
ماهرة,F
مبروكة,F
متام,F
مثابة,F
مجاهدة,F
مجيبة,F
مجيدة,F
مخلصة,F
مدركة,F
مديدة,F
مرام,F
مرح,F
مرهفة,F
مروة,F
مروى,F
مريم,F
مزنة,F
مزينة,F
مساعدة,F
مسفرة,F
مسك,F
مشاعل,F
مصلحة,F
مضاوي,F
مطاعة,F
مطيعة,F
معصومة,F
معطية,F
معينة,F
مغيثة,F
مقبلة,F
ملهمة,F
ممدوحة,F
منار,F
مناصف,F
منال,F
مناير,F
منتهى,F
منذرة,F
منصفة,F
منى,F
منيبة,F
منيرة,F
مها,F
مهرة,F
مهيبة,F
موزة,F
موهبة,F
مي,F
ميا,F
ميادة,F
ميار,F
ميثاء,F
ميرا,F
ميس,F
ميساء,F
ميسون,F
ميمونة,F
ناجحة,F
ناجدة,F
نادية,F
نادين,F
ناشئة,F
ناصحة,F
ناهد,F
ناهية,F
نبيلة,F
نبيهة,F
نجد,F
نجلاء,F
نجوانة,F
نجود,F
نجيبة,F
نجيحة,F
نداء,F
ندى,F
نرجس,F
نزيهة,F
نسرين,F
نسيم,F
نشوة,F
نشوى,F
نصر,F
نضال,F
نظيرة,F
نعمة,F
نعيم,F
نهاد,F
نهال,F
نهلة,F
نهى,F
نوار,F
نوال,F
نور,F
نورا,F
نورة,F
نورس,F
نورهان,F
نوف,F
هائلة,F
هاجر,F
هالة,F
هانئة,F
هبة,F
هدى,F
هدير,F
هديل,F
هناء,F
هنادي,F
هند,F
هنوف,F
هوازن,F
هيام,F
هيفاء,F
وتين,F
وجدان,F
ود,F
وديعة,F
ورد,F
وردة,F
وسام,F
وسن,F
وسيمة,F
وضحى,F
وعد,F
وفاء,F
وفيقة,F
ولاء,F
ولهانة,F
وليفة,F
وميض,F
وهبة,F
يارا,F
ياسمين,F
يسرا,F
يسرى,F
يمن,F
يمنى,F
ابراهيم,M
اسلم,M
البراء,M
الحبيب,M
الخضر,M
العابدين,M
المثنى,M
آدم,M
أبان,M
أبلج,M
أبو بكر,M
أجاويد,M
أجيد,M
أحمد,M
أحنف,M
أخزم,M
أخضر,M
أخطب,M
أدعج,M
أدغم,M
أدهم,M
أديب,M
أرغد,M
أرقم,M
أريب,M
أزهر,M
أزور,M
أسامة,M
أسد,M
أسعد,M
أسلم,M
أسمر,M
أشجع,M
أشرف,M
أشرم,M
أشقر,M
أشهب,M
أشهم,M
أشيم,M
أصيل,M
أعسر,M
أغلب,M
أغيد,M
أكبر,M
أكثم,M
أكرم,M
أكمل,M
أمان,M
أمجد,M
أمية,M
أمير,M
أمين,M
أنس,M
أنعم,M
أنمار,M
أنور,M
أهيم,M
أوس,M
أويس,M
أيسر,M
أيمن,M
أيهم,M
أيوب,M
إبراهيم,M
إحسان,M
إدريس,M
إسحاق,M
إسلام,M
إسماعيل,M
إمام,M
إياد,M
إياس,M
إيهاب,M
باتل,M
بادي,M
بارح,M
بارع,M
باسط,M
باسق,M
باسل,M
باسم,M
باشق,M
باهر,M
بدر,M
بديع,M
براء,M
برد,M
برهان,M
بسام,M
بسيم,M
بشار,M
بشارة,M
بشر,M
بشير,M
بطاح,M
بطرس,M
بكار,M
بكر,M
بكري,M
بلال,M
بليغ,M
بندر,M
بهاء,M
بهجت,M
بهلول,M
بهيج,M
تائب,M
تامر,M
تركي,M
تغلب,M
تقي,M
تليد,M
تمام,M
تميم,M
تواب,M
توفيق,M
تيسير,M
تيم,M
ثائب,M
ثائر,M
ثابت,M
ثروت,M
ثنيان,M
ثواب,M
جابر,M
جازم,M
جاسم,M
جامع,M
جبر,M
جبران,M
جبل,M
جدعان,M
جراح,M
جرير,M
جساس,M
جعفر,M
جلال,M
جليل,M
جمال,M
جمعان,M
جمعة,M
جميل,M
جنادة,M
جندل,M
جهاد,M
جواد,M
جودة,M
جودت,M
حاتم,M
حارب,M
حارث,M
حازم,M
حاشد,M
حافظ,M
حامد,M
حجاب,M
حجاج,M
حجر,M
حزام,M
حزم,M
حسام,M
حسان,M
حسن,M
حسني,M
حسنين,M
حسون,M
حسين,M
حصيف,M
حفص,M
حكيم,M
حماد,M
حمد,M
حمدان,M
حمدون,M
حمزة,M
حميد,M
حنبل,M
حنشل,M
حنظلة,M
حواس,M
حيدر,M
خاتم,M
خازن,M
خالد,M
خالص,M
خباب,M
خزعل,M
خضر,M
خطاب,M
خلدون,M
خلف,M
خليفة,M
خليل,M
خليوي,M
خميس,M
خويلد,M
داني,M
داود,M
داوود,M
دحام,M
درغام,M
دريد,M
دعيج,M
دغيم,M
دهيم,M
ذاكر,M
ذباح,M
ذبيان,M
ذعار,M
ذياب,M
رأفت,M
رؤوف,M
رئيف,M
رائد,M
رائض,M
رائف,M
رابح,M
راتب,M
راجح,M
راجي,M
راسخ,M
راسم,M
راشد,M
راضي,M
راغب,M
راغد,M
رافد,M
رافع,M
رافق,M
رافي,M
راكان,M
رامز,M
رامي,M
رباح,M
ربحي,M
ربيح,M
ربيع,M
رجاء,M
رجب,M
رحال,M
رديف,M
رزق,M
رزين,M
رسمي,M
رسول,M
رسيم,M
رشاد,M
رشوان,M
رشيد,M
رشيق,M
رصين,M
رضا,M
رضوان,M
رضي,M
رعد,M
رغال,M
رغيب,M
رغيد,M
رفاعة,M
رفاعي,M
رفعت,M
رفيع,M
رفيق,M
ركان,M
ركين,M
رماح,M
رمزي,M
رمضان,M
رهيف,M
رويشد,M
رياض,M
ريان,M
زاخر,M
زاكي,M
زاهد,M
زاهر,M
زاهي,M
زايد,M
زبير,M
زغلول,M
زكريا,M
زهير,M
زياد,M
زيد,M
زيدان,M
زيدون,M
زين,M
ساجد,M
ساجر,M
ساجع,M
ساجي,M
سادن,M
سارح,M
ساري,M
ساطع,M
ساعد,M
ساعف,M
سالم,M
سامح,M
سامر,M
سامي,M
ساهد,M
ساهر,M
سبع,M
ستار,M
سحيم,M
سداد,M
سراج,M
سرمد,M
سرور,M
سطام,M
سعد,M
سعدون,M
سعود,M
سعيد,M
سفيان,M
سلام,M
سلامة,M
سلطان,M
سلمان,M
سلمة,M
سليم,M
سمعان,M
سمعون,M
سميح,M
سمير,M
سميع,M
سنان,M
سهل,M
سهيل,M
سويد,M
سيار,M
سيد,M
سيف,M
شادي,M
شافع,M
شافي,M
شاكر,M
شامخ,M
شاهد,M
شاهر,M
شبل,M
شبيب,M
شجاع,M
شداد,M
شديد,M
شريح,M
شعبان,M
شعيب,M
شفيع,M
شفيق,M
شكري,M
شكور,M
شماخ,M
شمر,M
شمس الدين,M
شهاب,M
شهم,M
شهيد,M
شوقي,M
شوكت,M
شيبان,M
شيبة,M
صائن,M
صابر,M
صادح,M
صادر,M
صارم,M
صاعد,M
صافي,M
صباح,M
صبيح,M
صدام,M
صديق,M
صفوان,M
صفوت,M
صقر,M
صلاح,M
صلاح الدين,M
صمد,M
صمصام,M
صميم,M
صهيب,M
ضاري,M
ضاهر,M
ضاوي,M
ضرار,M
ضرام,M
ضياء,M
ضيغم,M
ضيف,M
طارق,M
طامح,M
طاهر,M
طريف,M
طلال,M
طموح,M
ظافر,M
ظاهر,M
ظفار,M
ظفير,M
عايض,M
عائد,M
عائذ,M
عائض,M
عابد,M
عادل,M
عارف,M
عازم,M
عاطف,M
عاكف,M
عامر,M
عباد,M
عبادة,M
عباس,M
عبدالباسط,M
عبدالباقي,M
عبدالبصير,M
عبدالجبار,M
عبدالجليل,M
عبدالجميل,M
عبدالحفيظ,M
عبدالحق,M
عبدالحكيم,M
عبدالحليم,M
عبدالحميد,M
عبدالحي,M
عبدالخالق,M
عبدالرؤوف,M
عبدالرب,M
عبدالرحمن,M
عبدالرحيم,M
عبدالرزاق,M
عبدالرشيد,M
عبدالرقيب,M
عبدالسلام,M
عبدالشكور,M
عبدالصمد,M
عبدالظاهر,M
عبدالعزيز,M
عبدالعظيم,M
عبدالعليم,M
عبدالغفور,M
عبدالغني,M
عبدالفتاح,M
عبدالقادر,M
عبدالقدوس,M
عبدالقيوم,M
عبدالكريم,M
عبداللطيف,M
عبدالله,M
عبدالمجيد,M
عبدالمطلب,M
عبدالملك,M
عبدالمنان,M
عبدالمنعم,M
عبدالنور,M
عبدالهادي,M
عبدالواحد,M
عبدالودود,M
عبدالوهاب,M
عبدربه,M
عبده,M
عبدو,M
عبدي,M
عبودة,M
عبيد,M
عبيدة,M
عتاب,M
عتابة,M
عثمان,M
عجاج,M
عجرم,M
عدلي,M
عدنان,M
عدوان,M
عدي,M
عديل,M
عراب,M
عراد,M
عرفات,M
عرفة,M
عروة,M
عريب,M
عز,M
عزب,M
عزت,M
عزيز,M
عشير,M
عصام,M
عصمت,M
عطا,M
عطاء,M
عفان,M
عفيف,M
عقاب,M
عقال,M
عقبة,M
عقل,M
عقلة,M
عقيل,M
عكاشة,M
عكرمة,M
عكلة,M
علاء,M
علاء الدين,M
علوان,M
علي,M
عليان,M
عليم,M
عماد,M
عمار,M
عمارة,M
عمر,M
عمران,M
عمرو,M
عميد,M
عمير,M
عنبر,M
عنتر,M
عنترة,M
عواد,M
عوض,M
عوف,M
عون,M
عوني,M
عويس,M
عياش,M
عيد,M
عيسى,M
عيضة,M
غازي,M
غافر,M
غالب,M
غالي,M
غانم,M
غريب,M
غزوان,M
غسان,M
غضنفر,M
غفار,M
غلاب,M
غلام,M
غنيم,M
غوار,M
غوث,M
غياث,M
غيث,M
فؤاد,M
فائز,M
فائق,M
فاتح,M
فاخر,M
فادي,M
فارس,M
فارض,M
فارع,M
فاروق,M
فاضل,M
فالح,M
فتاح,M
فتح,M
فتحي,M
فتوح,M
فتيح,M
فخر,M
فخري,M
فراج,M
فراس,M
فرج,M
فرحات,M
فرحان,M
فرناس,M
فريج,M
فريد,M
فضل,M
فضيل,M
فطين,M
فكري,M
فلوح,M
فليح,M
فهد,M
فهمي,M
فهيد,M
فهيم,M
فواز,M
فوزي,M
فياض,M
فيصل,M
فيض,M
فيضي,M
قائد,M
قابس,M
قابوس,M
قادر,M
قاسم,M
قاهر,M
قتادة,M
قتيبة,M
قثم,M
قداح,M
قدامة,M
قدري,M
قسام,M
قسيم,M
قصي,M
قطامي,M
قطب,M
قعقاع,M
قيس,M
كاسب,M
كاسر,M
كاظم,M
كامل,M
كرم,M
كريم,M
كعب,M
كلاب,M
كليب,M
كليم,M
كمال,M
كميت,M
كنان,M
كنعان,M
كهلان,M
لؤي,M
لباب,M
لبيب,M
لبيد,M
لطفي,M
لطيف,M
لقمان,M
لماح,M
لمعي,M
ليث,M
مأمون,M
مؤيد,M
ماجد,M
مارسيل,M
مازن,M
ماضي,M
مالك,M
ماهر,M
مبارك,M
مبخوت,M
مبرور,M
مبروك,M
متعب,M
مثاب,M
مجاهد,M
مجاور,M
مجتبى,M
مجدي,M
مجيب,M
مجيد,M
مجير,M
محبوب,M
محجن,M
محرز,M
محرم,M
محسن,M
محمد,M
محمود,M
محيا,M
مخلد,M
مخلص,M
مخلف,M
مدثر,M
مدحة,M
مدحت,M
مدرك,M
مدلج,M
مديد,M
مراد,M
مرتجى,M
مرتضى,M
مرحب,M
مرداس,M
مرزوق,M
مرسي,M
مرشد,M
مرشدي,M
مروان,M
مزاحم,M
مزن,M
مزهر,M
مساعد,M
مستور,M
مسعود,M
مسفر,M
مسلم,M
مسلمة,M
مسيب,M
مشاري,M
مشتاق,M
مشرف,M
مشعل,M
مصباح,M
مصطفى,M
مصعب,M
مصلح,M
مضر,M
مطاع,M
مطاوع,M
مطر,M
مطلب,M
مطلق,M
مطير,M
مطيع,M
مظفر,M
مظهر,M
معاد,M
معاذ,M
معاوية,M
معتصم,M
معتضد,M
معتوق,M
معد,M
معروف,M
معصوم,M
معطي,M
معلوف,M
معمر,M
معن,M
معين,M
معين الدين,M
مغوار,M
مغيث,M
مغيرة,M
مفتاح,M
مقبل,M
مقتدي,M
مقرن,M
مكتوم,M
مكين,M
ملحم,M
ملهم,M
ممدوح,M
مناحي,M
مناع,M
مناف,M
منان,M
منتصر,M
منتظر,M
منذر,M
منصف,M
منصور,M
منعم,M
منقذ,M
منهل,M
منيب,M
منير,M
منيع,M
مهاب,M
مهدي,M
مهند,M
مهيب,M
مهيوب,M
موفق,M
ميثم,M
ميلاد,M
ميمون,M
نائل,M
ناجي,M
نادر,M
ناشئ,M
ناشد,M
ناشر,M
ناصح,M
ناصر,M
ناصر الدين,M
ناصف,M
ناصيف,M
ناظم,M
نافع,M
نامي,M
ناهض,M
ناهل,M
ناهي,M
نايف,M
نبال,M
نبيل,M
نبيه,M
نجاد,M
نجدة,M
نجدت,M
نجم,M
نجم الدين,M
نجيب,M
نديم,M
نذير,M
نزار,M
نزيه,M
نسيب,M
نسيم,M
نشأت,M
نشمي,M
نصار,M
نصر,M
نصرة,M
نصرت,M
نصوح,M
نصير,M
نصيف,M
نضال,M
نضير,M
نظمي,M
نظير,M
نعمان,M
نعمت,M
نعيم,M
نمر,M
نهيان,M
نوار,M
نواس,M
نواف,M
نوح,M
نورس,M
نوري,M
نوفل,M
هائل,M
هاجد,M
هادي,M
هاشم,M
هاني,M
هانئ,M
هبيرة,M
هجرس,M
هريرة,M
هزاع,M
هشام,M
هلال,M
همام,M
هواري,M
هود,M
هيثم,M
وائل,M
وارف,M
وديع,M
ورد,M
وسام,M
وسيم,M
وفيق,M
ولاء الدين,M
وليد,M
وليف,M
وهاب,M
وهب,M
وهبة,M
ياسر,M
يحيى,M
يزيد,M
يعقوب,M
عبدالموجود,M
حسام,M
ألكيس,M
البركوكي,M
العطار,M
حراز,M
رولان,F
زيد,M
خفاجي,M
مفرح,M
المعين,M
استفانوس,M
خيري,M
مينا,M
نورا,M
ويسا,F
ياسمين,F
حمد,M
صلاح,M
مصباح,M
مرشدى,M
رؤي,F
مريم,F
نعينع,M
يمني,F
سند,M
الجعفرى,M
حميد,M
دمين,F
سيد,F
روان,F
فريدة,F
عبدالرشيد,M
أدهم,M
ميخائيل,M
المطاوى,M
فؤاد,M
محمود,M
كروليس,M
ياسر,M
نجيب,M
كرلس,M
ريم,F
جون,M
فرح,F
جوري,F
نادين,F
نشوى,F
مراد,F
علاء,M
بشرى,F
جودة,M
طاحون,M
تغريد,F
أمنية,F
عشرة,M
الحليم,M
جيلان,F
انطونيوس,M
دعاء,F
الفارسكوري,M
شهد,F
رضوى,F
العزيز,M
الفضالى,M
الدكروري,M
الجمال,M
نورهان,F
شوكت,M
شموتي,M
زكى,M
الجداوي,M
بيتر,M
الحوساني,M
منال,M
النكري,M
ميرا,F
الطراوي,M
باكينام,F
عبدالهادى,M
مرسي,M
الرحمن,M
فرحة,F
الخميسي,M
القط,M
عبدالمطلب,M
بيومي,M
إنجي,F
مشرف,M
محمدين,M
رفقة,F
حجازي,M
ندين,F
قبيصى,M
عبداللاه,M
الشريف,M
حسناء,F
موبا,F
إسماعيل,M
شلبي,M
حياء,F
الرفاعي,M
رغد,F
عبدالدايم,M
تالين,F
ادهم,M
عبدالمنعم,M
امير,M
امنيه,F
سيف,M
الرسول,M
فاروق,M
إيناس,F
الحياة,F
نوران,F
سيرجي,M
مروان,M
بسام,M
ماتا,M
تالين,F
الكليش,M
المطاوي,M
الشناوى,M
أمل,F
لطفي,M
عبدالستار,M
البير,M
عبدالرحيم,M
نوبي,M
التميمي,M
ابوزياده,M
مختار,M
منصور,M
عبدالحميد,M
زغبي,M
موسي,M
عنتر,M
ندي,F
عوبيا,M
جنة,F
يمنى,F
الفضل,M
اياد,M
اسلام,M
حافظ,M
وجنات,F
الحافظ,M
طه,M
الحسين,M
جميل,M
عبدالحافظ,M
الطبي,M
عبدالسميع,M
الخير,M
النصر,M
حمزه,M
صادق,M
البنداري,M
إيفون,F
كورات,M
ساره,F
الصمان,M
صوار,M
ساويرس,M
مهرائيل,F
العباسي,M
الباهي,M
الكيس,M
نوارا,F
ياقوت,M
رمسيس,M
خليل,M
قابيل,M
همام,M
ميلاد,M
حلوجي,M
الصابر,M
حامد,M
شامه,M
مالك,M
مصطفي,M
رافت,M
متولى,M
أريك,F
بسمة,F
مرقس,M
اية,F
الإمام,M
الفاروق,M
فرّاخه,M
مازن,M
ميار,F
يونس,M
خديجة,F
آسيل,F
الشاذلي,M
الشافعى,M
شعبان,M
صبرى,M
راشد,M
بدوي,M
عفيفي,M
توفيق,M
سليم,M
الفرماوى,M
السعودي,M
حفناوي,M
ابو,M
النبوي,M
عبدالحي,M
عبد,M
فائز,M
هيثم,M
نور,F
النهراوي,M
نسيم,M
حسن,M
غرس,F
زغلول,M
كامل,M
آية,F
رضا,M
عريضة,M
اليزيد,M
ناصف,M
هلال,M
رينا,F
هانئ,M
سارة,F
سيد,M
صابر,M
رحاب,F
الحسينى,M
ويفر,M
ريه,F
كيرلس,M
أشرف,M
زكريا,M
صفوت,M
فاتن,F
خاطر,M
العظيم,M
عطيفى,M
امام,M
برتي,F
هدية,F
شلباية,M
مارينا,F
حبيبه,F
حميدة,M
جعفر,M
همس,F
العدل,M
ماجد,M
انتصار,F
النادي,M
شاكر,M
ندى,F
ايمان,F
النبى,M
شلبى,M
منصور,M
ثابت,M
خورشيد,M
زايد,M
هاجور,F
أحمد,M
الرياني,M
جدالله,M
أبوحطب,M
نانسي,F
الطنطاوي,M
السعيدي,M
هيلايل,F
قاعود,M
منيب,M
بشرا,F
حسونه,M
حلواني,M
النبي,M
فيصل,M
الخالق,M
قطب,M
حطاب,M
خلود,F
مونيكا,F
هبة,F
مايكل,M
جاستن,F
قنديل,M
ميران,F
خلف,M
منزاع,M
غفران,F
أنطونيوس,M
فدوى,F
خميس,M
محارم,M
نجدى,F
نسما,F
نعمة,F
هند,F
مريهان,F
الاء,F
زهران,M
أشرقت,F
وهبي,M
أسامة,M
عكاشة,M
أسماء,F
رأفت,M
مروة,F
دوابا,F
حسنين,M
رائد,M
وائل,M
الهريجى,M
احمد,M
سامح,M
مسعد,M
تريزا,F
سليمان,M
مي,F
فريحه,F
عباسي,F
لبيب,M
عباس,M
محيي,M
چويرية,F
ضيف,M
العدوي,M
وسام,F
عبدالمغني,M
عطيفي,M
نهي,F
اداريه,F
أنور,M
صفاء,F
رانيا,F
سلامة,M
الحضري,M
روماني,M
رجب,M
رمضان,M
العجمي,M
عرفة,M
علياء,F
وجيه,M
علي,M
عزيز,M
جامع,M
الحداد,M
عبدالرؤوف,M
هانى,M
خيرالله,M
سجدة,F
حسني,M
البهي,M
أكرم,M
شيرين,F
ابانوب,M
ميلاد,M
حنين,M
ناشد,M
احمد,M
حمدى,M
رجب,M
عبدالعظيم,M
سعد,M
حسن,M
رضا,M
عبدالمجيد,M
عبدالناصر,M
عبدالعزيز,M
سيد,M
عبدالرحيم,M
عبدالرحمن,M
محمود,M
عبدالمنعم,M
رمضان,M
حسين,M
علاء,M
صابر,M
محمد,M
ربيع,M
فتح,M
الباب,M
عبدالعاطى,M
علي,M
قاسم,M
على,M
يوسف,M
ادريس,M
خالد,M
ادهم,M
سعيد,M
انور,M
اسلام,M
عواجه,M
القسام,M
امين,M
ايهاب,M
حماده,M
خلف,M
باسم,M
خطاب,M
ابراهيم,M
جونى,M
اميل,M
حنا,M
روفائيل,M
حازم,M
ايمن,M
فاروق,M
عبدالحميد,M
عمرو,M
ابوغنيمه,M
طوسن,M
حسنى,M
الجمال,M
شعبان,M
عبدالنعيم,M
قوشي,M
عبدمريم,M
ابسخرون,M
هشام,M
هاشم,M
رامى,M
مينا,M
سمير,M
شحاته,M
زياد,M
ناصر,M
كمال,M
عبدالغني,M
سراج,M
عبدالغنى,M
الدين,M
حاتم,M
حبشى,M
صموئيل,M
عازر,M
طارق,M
مصطفى,M
موافي,M
عادل,M
زكى,M
عبدالحكيم,M
وائل,M
كيلاني,M
اسماعيل,M
عبدالفتاح,M
عبدالمعبود,M
جمعه,M
سيوفى,M
صلاح,M
عثمان,M
حبشي,M
منصور,M
الجبالي,M
نعمان,M
خيرى,M
هيثم,M
عطا,M
جمال,M
عبدالله,M
عبوده,M
عماد,M
عبدالهادى,M
القوصى,M
ثابت,M
حماد,M
حمدان,M
عبداللطيف,M
الجمام,M
شلقامي,M
عبدالحليم,M
عمر,M
الحسينى,M
الجارحى,M
مهني,M
عيسى,M
الدكرورى,M
عبدالنبى,M
فارس,M
عبدالسلام,M
فايز,M
محرم,M
كريم,M
المصطفى,M
السيد,M
يسين,M
زهنى,M
اشرف,M
وجيه,M
عفيفى,M
غريب,M
نزلاوى,M
تقى,M
راضى,M
عباس,M
عبدالهادي,M
طه,M
مسعود,M
عاشور,M
قطب,M
سليمان,M
عزت,M
عبدالحافظ,M
رياض,M
فرج,M
كامل,M
ممدوح,M
علام,M
قرنى,M
شقرانى,M
عبدالحفيظ,M
عبدالقادر,M
فتحى,M
عب,M
الجواد,M
مهاب,M
بكر,M
عبدالكريم,M
يعقوب,M
نورالدين,M
هادى,M
وليد,M
زكريا,M
عبدالدايم,M
فؤاد,M
ايرينى,F
بشرى,M
جرجس,M
ايه,F
شريف,M
بسمله,F
توفيق,M
جمانه,F
فوزى,M
جيسيكا,F
جوزيف,M
سمعان,M
ذكرى,M
رنا,F
عيد,M
ساندى,F
برسوم,M
عبدالملاك,M
سهيله,F
ماهر,M
علا,F
فضل,M
مريم,F
عقل,M
مجدى,M
سيف,M
حبيب,M
ناردين,F
منير,M
هايدى,F
اثناسيوس,M
هبه,F
خفاجى,M
يوستينا,F
نبيل,M
ذكى,M
موريس,M
ايليا,M
مرجان,M
هلال,M
سامح,M
محروس,M
صالح,M
فادى,M
ميخائيل,M
كيرلس,M
اسعد,M
عوض,M
وهبه,M
ابتهال,F
محسن,M
مهنى,M
احسان,F
مجاهد,M
اروى,F
عبدالعليم,M
استر,F
لطفى,M
موسى,M
اسراء,F
عبدربه,M
اسماء,F
رفاعي,M
عبدالمحسن,M
الاء,F
مصطفي,M
جلال,M
الشيماء,F
مرعى,M
امال,F
امل,F
حسام,M
عصام,M
امنيه,F
ابوبكر,M
اميره,F
انجى,F
جيد,M
رزق,M
الله,M
فانوس,M
حكيم,M
دياب,M
صفوت,M
جوده,M
عاطف,M
شفيق,M
ايات,F
عكاشه,M
ايمان,F
حافظ,M
صبرى,M
شاكر,M
نجيب,M
خليل,M
هانى,M
حسانين,M
يس,M
بسمه,F
صادق,M
سالم,M
محبوب,M
تبارك,F
جيهان,F
عبدالجواد,M
حسناء,F
مخلوف,M
خلود,F
دارين,F
داليا,F
دعاء,F
حجازى,M
مليجى,M
دميانا,F
ابوكلام,M
دميانه,F
سام,M
دنيا,F
عبدالوهاب,M
يسرى,M
دينا,F
طلعت,M
رانيا,F
عبدالصبور,M
رحاب,F
هنى,M
جارحى,M
رحمه,F
فراج,M
زغلول,M
فرحات,M
رزان,F
رشيده,F
رضا,F
قوشني,M
رضوى,F
حسان,M
عبدالمقصود,M
يونس,M
ياسين,M
رقيه,F
راوى,M
سعداوى,M
روان,F
ضرار,M
عزات,M
ريم,F
ريهام,F
زينب,F
ساره,F
رشدى,M
لبيب,M
اسكندر,M
سلمى,F
سما,F
ضاحى,M
سمر,F
ابو,M
غنيمه,M
سميه,F
سناء,F
عز,M
سويده,F
ياسر,M
عبدالصالحين,M
شريفه,F
حداد,M
شرين,F
ملاك,M
بباوى,M
توما,M
شهد,F
مسعد,M
ابوالنور,M
شيرى,F
فام,M
يونان,M
شيرين,F
عبدالرسول,M
عائشه,F
ابوالصفا,M
عزه,F
مبروك,M
غاده,F
فاطمه,F
بهاء,M
شلقامى,M
فرحه,F
فيرونيا,F
فيرينا,F
غبريال,M
كارن,F
عبدالملك,M
كارول,F
نادى,M
عدلى,M
تادرس,M
كلودى,F
تامر,M
اقلاديوس,M
مارينا,F
شهات,M
ولسن,M
ماهى,F
مرمر,F
سلامه,M
فهيم,M
عطيه,M
مرنا,F
برنابا,M
عبدالشهيد,M
عايد,M
مروه,F
خميس,M
القس,M
عبدالمتجل,M
قيصر,M
المرغنى,M
خليفه,M
نابولى,M
اسحق,M
مبارك,M
محب,M
عبيد,M
نصيف,M
مكرم,M
ويصا,M
ناير,M
ملك,F
الحسن,M
زكي,M
عبدالمطلب,M
منار,F
منال,F
عبدالحسيب,M
منه,F
منى,F
عامر,M
مها,F
مهرائيل,F
شنوده,M
ناجى,M
ميار,F
ميرنا,F
سامى,M
ميمى,F
نادين,F
ناديه,F
صالحين,M
اسحاق,M
نانسى,F
نمر,M
ندى,F
نضال,F
نعمه,F
شوقى,M
بولس,M
نوره,F
نورهان,F
محروص,M
نيفين,F
جورجى,M
هاجر,F
هانم,F
عبدالصمد,M
هدى,F
هدير,F
ابوالليل,M
هناء,F
وفاء,F
ولاء,F
منتصر,M
يارا,F
المرزوقى,M
ياسمين,F
عبدالباقى,M
ابرار,F
حنفى,M
ممتاز,M
مرسى,M
امانى,F
عويس,M
جهاد,F
نافع,M
دكرورى,M
رباب,F
ابوالفتوح,M
مناع,M
رضوه,F
روفيده,F
سماح,F
جابر,M
ابوزيد,M
عبدالظاهر,M
شيماء,F
صباح,F
ضحى,F
عبير,F
كلثوم,F
صاوى,M
كوثر,F
مرفت,F
علم,M
بسيونى,M
فخرى,M
مى,F
نسمه,F
نسيبه,F
هاله,F
عبدالجليل,M
نظير,M
هند,F
زين,M
البدرى,M
فرغلى,M
عاطى,M
الطيب,M
العابدين,M
نبيه,M
طلب,M
جويد,M
عبدالحكم,M
صرمانى,M
ابوالقاسم,M
دردير,M
اسامه,M
فهمى,M
قنديل,M
بكرى,M
مؤمن,M
الامين,M
حواس,M
عبدالعال,M
رفاعى,M
سلطان,M
يحى,M
قناوى,M
يحيى,M
ابرهيم,M
حلمى,M
عيسي,M
عبدالمالك,M
ظريف,M
اميمه,F
زيدان,M
صقر,M
ادم,M
شعراوى,M
روضه,F
شارلى,F
باسليوس,M
ماجد,M
حشمت,M
صفاء,F
الزهراء,M
مارتينا,F
عرفات,M
دميان,M
بخيت,M
فولى,M
زينهم,M
ناهد,F
نوال,F
الراعى,M
جبر,M
ابرام,M
مشير,M
عبدالمغنى,M
عبدالستار,M
فرجاني,M
قرني,M
ابوعمره,M
فهمي,M
الامير,M
الحسين,M
امير,M
مليكه,M
جورج,M
عزيز,M
صبحى,M
فواز,M
فاضل,M
حمزه,M
الدسوقى,M
رمزى,M
جميل,M
شادى,M
عرفه,M
امام,M
مرقص,M
جورجي,M
مازن,M
مايكل,M
اسكاروس,M
الخطيب,M
بيومى,M
معروف,M
صديق,M
مروان,M
اكرام,M
عماره,M
ذكرالله,M
معتز,M
مكسيموس,M
عياد,M
مهند,M
بشري,M
حامد,M
الهام,F
نور,F
فكرى,M
غيضان,M
كيلانى,M
فالح,M
مرسي,M
بيومي,M
شاذلى,M
عبدالوارث,M
امبارك,M
نعيم,M
معتصم,M
عبدالجابر,M
امنه,F
اوليفيا,F
ايلاريا,F
صليب,M
ساندرا,F
سلفانا,F
عبد,M
سيلفيا,F
فيبى,F
لورا,F
غطاس,M
ليديا,F
مادونا,F
تيموثاوس,M
بطرس,M
تاوضروس,M
ثروت,M
عبدالمسيح,M
رومان,M
البرتو,M
وديع,M
فليكس,M
انطونيوس,M
جريس,M
زكرى,M
لندس,M
بافلى,M
انسطاسى,M
صباح,M
عبدالنور,M
بولا,M
حربى,M
عبده,M
بيشوى,M
وصفى,M
نشأت,M
حرز,M
بيمن,M
توماس,M
ناروز,M
غالى,M
رفيق,M
رافت,M
يسى,M
وليم,M
داود,M
بنيامين,M
مدحت,M
الهم,M
مارتن,M
مارفن,M
منسى,M
وسيم,M
يوساب,M
صدقى,M
انيس,M
سليم,M
اندرو,M
عنتر,M
رسمى,M
ايناس,F
قاعود,M
مصرى,M
سادين,F
امجد,M
فريده,F
ابوسمره,M
الكريم,M
ررأفت,M
هيا,F
عابدين,M
معيقل,M
المعتصم,M
بالله,M
عبداللاه,M
عبدالحى,M
صميده,M
عبدالقوى,M
ضياء,M
بهجت,M
ابوالعلا,M
عبدالجيد,M
عصمت,M
عياط,M
مخيمر,M
عبدالسميع,M
موافى,M
رضوان,M
عبدالرؤوف,M
منازع,M
انعام,F
جما,M
ل,M
بثينه,F
حسب,M
سلمان,M
تهانى,F
حبيبه,F
جداوى,M
حسنيه,F
الخشت,M
دلال,F
شعيب,M
رابعه,F
بدرى,M
عزالدين,M
رسم,F
رشا,F
رغد,F
رندا,F
عبدالرازق,M
زهراء,F
ساميه,F
سعاد,F
سلوى,F
سميره,F
سهام,F
شروق,F
عبدالرشيد,M
شهيناز,F
عبدالر,M
حيم,M
ناجح,M
ناصح,M
غانم,M
صابرين,F
عبدالشافى,M
عرابى,M
علياء,F
غدير,F
عشماوى,M
فداء,F
قمر,F
كريمه,F
لوسى,F
وهيب,M
مريان,F
بشوى,M
قلينى,M
تهامى,M
شكرى,M
عبدالعدل,M
مهجه,F
ميرا,F
نجلاء,F
نجوى,F
ندا,F
نرمين,F
نشوى,F
نهى,F
نورا,F
ابوسريع,M
سريع,M
شوقي,M
هويدا,F
ورد,F
ابوالحسن,M
اليزل,M
زايد,M
اسلمان,M
ابوجبل,M
رشاد,M
عويطي,M
عبدالمعز,M
سطوحى,M
معمدانى,M
سند,M
ديفد,M
رائد,M
عبدالسيد,M
صيام,M
برعى,M
عبدالبديع,M
شوربجى,M
نور,M
برديس,M
معوض,M
عمار,M
عبود,M
عونى,M
مرتضي,M
رفعت,M
مطاوع,M
مكادى,M
جاد,M
جادالحق,M
احلام,F
ضيف,M
عبدالوكيل,M
معتوق,M
تنسيم,F
ذكي,M
حميده,F
حنان,F
محفوظ,M
رفقه,F
فولي,M
مهاد,M
شذى,F
وهيدى,M
نصار,M
سعودى,M
عبدالعاطي,M
عبله,F
العلا,M
رضى,M
عيده,F
متولى,M
فتحيه,F
متولي,M
ليلى,F
ماجده,F
مارجريت,F
مارلين,F
مارين,F
مرزق,M
مياده,F
طاهر,M
نسرين,F
نادر,M
راشد,M
عواد,M
نصر,M
انطونى,M
سوريال,M
اديب,M
سميح,M
مختار,M
مراد,M
حجاج,M
عبيده,M
سنوسي,M
مريس,M
النصر,M
ازهار,F
الوليد,M
حسنين,M
جميله,F
عطوه,M
هوارى,M
رنيا,F
شمردن,M
رويده,F
زهره,F
شاهنده,F
داخلى,M
زبد,M
ضى,F
عمير,M
فاديه,F
عبدالكافى,M
صاوي,M
فريج,M
فيصل,M
نهال,F
عمادالدين,M
البدوى,M
وسيمه,F
محجوب,M
عبدالواحد,M
محمدعيد,M
صافى,M
مندراوى,M
امينه,F
خديجه,F
ستار,M
رغده,F
روحيه,F
عبدالطيف,M
مفتاح,M
سوزان,F
عزيزه,F
عصمت,F
عليه,F
مسلم,M
يحي,M
مدين,M
الهدى,M
جادالكريم,M
راغب,M
اياد,M
الرفاعى,M
رفيع,M
رشيد,M
شافعى,M
حردان,M
عميره,M
دمرداشى,M
عقيله,M
تغريد,F
جيهاد,F
مندر,M
سالمه,F
وحيد,M
بدر,M
صفيه,F
فايزه,F
مارى,F
رومانى,M
بشاره,M
فريد,M
فنجرى,M
حيدر,M
ابوطالب,M
هديه,F
جاك,M
عاصم,M
جاهين,M
عبدالرزاق,M
مفدى,M
منزر,M
هنرى,M
مقار,M
استير,F
لويز,M
انتصار,F
بديعه,F
طلبه,M
خضر,M
مصباح,M
بكير,M
بشندى,M
رفله,M
ايلاريه,F
مرزوق,M
باخوم,M
جوليا,F
دوس,M
رضوا,F
ميخائل,M
شاديه,F
شريهان,F
شمس,F
فاتن,F
مرشد,M
كامليا,F
لينا,F
ماريان,F
محبه,F
حليم,M
حنضل,M
فرح,M
متي,M
يسن,M
ورده,F
يؤنه,F
نوار,M
ناثان,M
يسي,M
رامز,M
خزام,M
شهاب,M
صموائيل,M
اندراوس,M
سيدهم,M
ماركو,M
امساعيل,M
مشيل,M
هدرا,M
تحيه,F
مرتضى,M
الزهراء,F
ابوالنجا,M
ابوالمجد,M
حسبن,M
عمران,M
النجا,M
ابراهبم,M
شندى,M
معتمد,M
زينه,F
دسوقى,M
سهير,F
غالب,M
محمدالفولى,M
درويش,M
هريدى,M
عبدالغفار,M
غاليه,F
سرحان,M
منيسى,M
مصلوح,M
توتى,M
عجمى,M
نعيمه,F
الخشن,M
مرتجى,M
وئام,F
محسب,M
يسرا,F
محمدابراهيم,M
صبره,M
داكر,M
اكرم,M
حميده,M
فواد,M
روحيم,M
محمدالسعودى,M
محمدالسنوسى,M
عدى,M
عاى,M
محمدمحمد,M
الحاج,M
شتيوى,M
طسن,M
السعودى,M
تونى,M
محمدابو,M
عيطه,M
طربف,M
محمدعلى,M
الشيخ,M
بدوى,M
افراح,F
ام,F
محمدالسيد,M
شلفامى,M
جنه,F
زهير,M
عارف,M
عجيب,M
مهدى,M
ناريمان,F
شكرالله,M
نبيله,F
نخله,M
شاذلي,M
محمدابوزيد,M
الحمزه,M
الفاروق,M
كليب,M
لملوم,M
ابوهشيمه,M
محمدصالح,M
تلاوي,M
محمدالامين,M
محمدعبدالمقصود,M
خضراوى,M
اسلام,F
الادهم,M
طنطاوى,M
اناسيمون,F
اوستينا,F
ارمانيوس,M
بشير,M
بتول,F
بسنت,F
عملاك,M
تريزه,F
تيسير,F
حوريه,F
دولت,F
ابوالفتح,M
جادالله,M
نزيه,M
رتيبه,F
نبهان,M
المهدى,M
سها,F
سهى,F
سوسن,F
سوسنا,F
سيمون,F
شاهيناز,F
عنود,F
حسيت,M
هديه,M
غيداء,F
مقروش,M
فردوس,F
كاترينا,F
شحات,M
كارولين,F
مروزق,M
كاريمان,F
كرستينا,F
كيرمينا,F
لبنى,F
ديب,M
مادلين,F
نسيم,M
مارينه,F
ماريه,F
حنس,M
مرشى,M
زاهى,M
نجاح,F
شاوير,M
نفين,F
عيسوى,M
محمدين,M
اميز,M
قايد,M
اساف,M
افرايم,M
السعدنى,M
ايلى,M
باهى,M
بسام,M
بيتر,M
طوبيا,M
سقر,M
عفت,M
ربيعى,M
فيلبس,M
ابن,M
بقطر,M
هيمن,M
رجائى,M
صهيب,M
عبدالمعطى,M
الداخلى,M
فيراس,M
عنانى,M
فيليب,M
كرم,M
ماريو,M
مشاضى,M
الصغير,M
مكاريوس,M
متى,M
رأفت,M
عبدالمؤمن,M
نجيد,M
سبع,M
سباعي,M
العزم,M
جاكلين,F
عبدالشافي,M
لطف,M
سكينه,F
العربى,M
القاسم,M
كنز,F
مارسيل,F
يني,M
ميرفت,F
فرنسيس,M
بسخرون,M
لمعى,M
لويس,M
امبابي,M
ابوهاشم,M
متياس,M
باسل,M
بلال,M
فايق,M
جون,M
رحيم,M
ريمون,M
منجى,M
عبرنا,M
امبابى,M
راجى,M
عبدالبصير,M
حيني,M
امرو,M
عابد,M
عبدالباسط,M
سنوسى,M
قرياقص,M
محمدان,M
مندى,M
بهلول,M
شاروبيم,M
نايل,M
عبدجرجس,M
كتشنر,M
تادضروس,M
عبدالباري,M
خاطر,M
ذكيه,F
رتاج,F
خيري,M
فرغلي,M
لمياء,F
سمره,M
زيد,M
فكري,M
منشاوى,M
عبدالموجود,M
عبدالشفوق,M
جبريل,M
هيام,F
قياتى,M
يسراء,F
ترياق,M
جمام,M
صدام,M
عبدالامام,M
الدسوقي,M
بارح,M
المستجاب,M
جراح,M
شافعي,M
ابتسام,F
محمدصفوت,M
اشرقت,F
اصاله,F
خيرالله,M
ثامار,F
حينى,M
شرقاوى,M
تاضروس,M
ديانا,F
فلبس,M
راحيل,F
وسيله,M
رواء,F
روزان,F
رويدا,F
ريمونده,F
ريناد,F
مساعد,M
جندى,M
دانيال,M
بانوب,M
سماء,F
سييد,M
محى,M
شوق,F
مظهر,M
عودانى,M
دكروى,M
فرغل,M
شهدى,M
فبرونيا,F
كرستين,F
واصف,M
كرمل,F
كرمينا,F
شخلول,M
مامون,M
ميرى,F
شامه,M
نبويه,F
نهله,F
احمدبك,M
نيرمين,F
قادربوه,M
مللكه,M
هى,F
الحينى,M
جوهر,M
تمساح,M
زوزو,M
الجيلانى,M
نجاح,M
ونيس,M
عبدبولس,M
جوارجيوس,M
ناعوم,M
عتريس,M
سفيان,M
اطناسيوس,M
العرب,M
الرب,M
ساويرس,M
مارى,M
عقبه,M
انس,M
عبدالبارى,M
يوأنس,M
عبدالرافع,M
الريدى,M
راجح,M
كساب,M
جعفر,M
ذين,M
جاب,M
صبح,M
شمس,M
شوقت,M
بهاءالدين,M
عدليه,F
مرثا,F
نوسيبه,F
شبيب,M
نثان,M
عصران,M
عصر,M
نظيم,M
زاهر,M
مسألش,M
ابوصمره,M
بدريه,F
ربيعه,F
رموندا,F
ريه,F
سحر,F
سعيده,F
بركات,M
سيده,F
احمدابوالليل,M
مديحه,F
منيره,F
عزوز,M
شاهين,M
حكم,M
الدالى,M
عصرعباس,M
وفقى,M
شتوى,M
سلام,M
فلال,M
عبدالرؤف,M
عبدامام,M
عزمى,M
ناج,M
الازهرى,M
عزام,M
عبدالمولى,M
قعود,M
رؤى,F
نصحى,M
زراع,M
سعده,F
السبع,M
فوزيه,F
ازهرى,M
حضيرى,M
زيان,M
بشاي,M
علوانى,M
نسيم,F
عبدالنافع,M
هيبه,M
هارون,M
محارب,M
عبدالصادق,M
خضره,F
جايل,M
فرياله,F
فرحان,M
عا,M
صم,M
غا,M
نم,M
قدرى,M
شهيره,F
,Unknown
الدايم,M
مأمون,M
جامع,M
ايوب,M
انجلى,M
فيبرونيا,F
ماريز,F
لوقا,M
مرينا,F
عريان,M
منقريوس,M
رمسيس,M
رزيق,M
ذكا,M
شارويم,M
المغربى,M
ملكه,F
عشري,M
هندى,M
فرجانى,M
ثميه,F
سوسنه,F
فبروينا,F
ففيان,F
كاترين,F
القمص,M
ليزا,F
اسطفانوس,M
مارجليت,F
وفيق,M
سرى,M
مرام,F
مجلى,M
منرفا,F
وجدى,M
سيحه,M
جارد,M
اندريو,M
باترك,M
نقولا,M
ابراهى,M
داخلي,M
بدار,M
زاخر,M
حلمي,M
مارك,M
اسرائيل,M
قزمان,M
خذاعى,M
سباق,M
اسيا,F
افت,F
مرقس,M
افنان,F
ولاء,M
سلوانس,M
عبدالمهيمن,M
دكر,M
بطه,F
تسنيم,F
ثمر,F
جليله,F
حسنات,F
حمديه,F
خيريه,F
تقاوى,M
حصب,M
عطالله,M
مغربى,M
قريا,M
قص,M
بكساوى,M
حدود,M
رؤيات,F
رؤيه,F
رجاء,F
نصرالدين,M
رميحى,M
عبدمرزوق,M
زيادى,M
انصارى,M
فيولا,F
لارا,F
لديا,F
عطاالله,M
جالى,M
نجاه,F
بدينى,M
غليوب,M
ننه,F
نها,F
بريقع,M
هلا,F
الاذهرى,M
عبدعوض,M
ابوعيشه,M
مندور,M
غنام,M
جواد,M
عشرى,M
راسخ,M
ديفيد,M
عبدالمنطلب,M
عكرمه,M
حميد,M
طانيوس,M
فرجالله,M
ماير,M
عرفان,M
الصاوى,M
عبدالخالق,M
وزير,M
عجور,M
هجرس,M
مكارى,M
داوود,M
حفنى,M
فناويل,M
ارينى,F
موسي,M
ذهنى,M
اقسام,F
دقش,M
ايفون,F
ريتا,F
بدروس,M
فيفيان,F
مرزقه,F
مترى,M
مريانه,F
فرن,M
كتشر,M
مجلي,M
طلعات,M
تهامي,M
اشعياء,M
شتيوي,M
بباوي,M
غزالى,M
عبدالونيس,M
شارلى,M
كدوانى,M
عبدالجبار,M
ابوخاطر,M
سارى,M
قسطور,M
وانيس,M
شيتوى,M
اوميل,M
شكير,M
مفرح,M
معاويه,M
عديل,M
جميانه,F
جواهر,F
ريموندا,F
شلابى,M
البرت,M
مالك,M
صرافيل,M
ماهيتاب,F
مريانا,F
بشاى,M
سوس,M
عبدشهات,M
ولاه,M
نجيه,F
نرما,F
مكين,M
حمادالتونى,M
يحيا,M
وراد,M
وهدانى,M
امشيل,M
ينى,M
ابيب,M
امطولى,M
بحبح,M
دارج,M
معبدخليفه,M
نبيشى,M
ارنست,M
مرش,M
تغيان,M
فايد,M
ابوعجيله,M
لمبى,M
ميرون,M
مستجاب,M
غزال,M
كويس,M
عبداحافظ,M
حمزاوى,M
تسابيح,F
ليس,M
ثريا,F
عبداحليم,M
جاسيكا,F
قذافى,M
حلا,F
حنين,F
الجود,M
رئيسه,F
راما,F
رانا,F
حمد,M
عبدالحق,M
عبدالحي,M
شكر,M
عبدادريس,M
الحداد,M
الياس,M
ميريت,F
قناشي,M
نجوان,F
نوران,F
لكوم,M
هديل,F
صاروفيم,M
وصال,F
منيس,M
ابوجلال,M
الادهس,M
ايساف,M
بيجول,M
رسم,M
رويس,M
مصلح,M
سامر,M
قناش,M
مندوه,M
حلبى,M
شلبي,M
كيراس,M
قلاده,M
فخري,M
شامخ,M
فريز,M
عبادى,M
اضواء,F
مخلف,M
حليمه,F
رولا,F
عبدالتواب,M
خلاف,M
صالحه,F
عايشه,F
مطرف,M
عبداالغنى,M
خشت,M
زغبى,M
عدوى,M
حنيش,M
الساعدى,M
صافيه,F
غزاله,F
كماله,F
منتصل,M
عبدالفضيل,M
وردانى,M
سويسى,M
الجارح,M
بحر,M
مؤيد,M
عبدالنبي,M
مراجى,M
مهيدى,M
انهار,F
حياه,F
وديد,M
نفادى,M
فيروز,F
حمدي,M
اللـه,M
عبداللـه,M
وافى,M
لامى,M
قويه,M
بريك,M
واعر,M
سالمين,F
سعديه,F
مقاوى,M
ترعه,M
مرزوقه,F
سعدى,M
ابوترعه,M
مجاور,M
ابوالسعود,M
نجم,M
طوير,M
عريبى,M
لافى,M
ابوهدمه,M
عليان,M
كحيل,M
برانى,M
هدوار,M
نصير,M
بلاش,M
مشرقى,M
ديهوم,M
ابوناصر,M
خليل,F
شوال,M
فتحي,M
كفايه,F
ميرهان,F
عبدابراهيم,M
استافرو,M
البير,M
بشار,M
مايز,M
روؤف,M
تيمتاوس,M
ماضى,M
دسوقي,M
وريد,M
معاز,M
فطيم,M
يؤنس,M
ررشدى,M
ابوالجود,M
هنيه,F
وداد,F
ادهس,M
مزروع,M
سعداوي,M
اروه,F
اليشع,M
انصاف,F
رضواى,F
ريحاب,F
سميحه,F
حميدو,M
الامام,M
محاسن,F
مشاعل,F
صغير,M
ست,F
الناس,M
جبلى,M
يامنه,F
تاوضرس,M
كارم,M
مجدلين,F
نعناعه,F
نواره,F
فزاع,M
جاسر,M
عبدرزيق,M
عوداتى,M
توحيد,M
حزين,M
عواداتى,M
نوفل,M
عبدعمار,M
منبى,M
متموح,M
عجيله,M
راتب,M
مقرب,M
اعمار,M
دحدوح,M
توني,M
خير,M
قاضى,M
عزايم,M
ابوالمكارم,M
ليثى,M
وفدى,M
ابوكريشه,M
ان,F
انجلينا,F
انغام,F
ايلين,F
توفيلس,M
ايمى,F
ايميلينا,F
برباره,F
ابواليمين,M
بهى,M
خشبه,M
علاءالدين,M
محمدالعربى,M
دمرداش,M
مشرف,M
جاسمين,F
جنات,F
جنى,F
طلاس,M
جوزفين,F
جونير,F
جوى,F
جيمى,M
جويس,F
جليل,M
جيسكا,F
جينا,F
عربى,M
محمدطلعت,M
جرجاوى,M
طنيوس,M
ربا,F
معبد,M
رضوانه,F
رفيده,F
ابوالعزايم,M
ادور,M
روجينا,F
حمدو,M
الحبيبى,M
رجاء,M
سويلم,M
زينا,F
بديع,M
محيى,M
شيمى,M
سالى,F
سلطانه,F
سلفيا,F
جبره,M
بشر,M
منتسل,M
مليجي,M
النزهى,M
سندس,F
سندى,F
كميل,M
سوزى,F
سيلفانا,F
سيمونا,F
شدو,F
شذا,F
المعتزبالله,M
ابوعوف,M
ريدى,M
جبلاوى,M
السهلى,M
عفاف,F
عنان,F
عهد,F
عواطف,F
فيفى,F
كارين,F
اشير,M
مؤنس,M
بسطاوروس,M
ساويريس,M
كلارا,F
عبدالميسح,M
لقاء,F
بغدادى,M
لوجى,F
ماجى,F
ملك,M
ميشيل,M
ماروسكا,F
عزب,M
ماريا,F
كاشف,M
مايا,F
مايسه,F
زهران,M
كرلس,M
بسطورس,M
عبدالجامع,M
فيكتور,M
دلور,M
مهيب,M
فكتور,M
مهرانيل,F
هواش,M
مهيتاب,F
ميرولا,F
ميريم,F
ميسون,F
وهبى,M
البكساوى,M
علوان,M
طهير,M
نيره,F
همت,F
هيلانه,F
وسام,F
مكادي,M
ارؤى,F
رسمي,M
روعه,F
زهاء,F
حمايه,M
كارمينا,F
تريفينا,F
ارميا,M
روتاج,F
شاهى,F
الحق,M
لوسيا,F
لوكاس,M
باسخرون,M
استيفن,M
عتبه,M
انطون,M
ارسانيوس,M
استفانوس,M
طرهونى,M
فلوباتير,M
كاراس,M
غبد,M
الحكيم,M
قديس,M
هنا,F
ارسانى,M
رؤوف,M
ستيفن,M
كرومر,M
حسيب,M
رسن,M
غندور,M
ابوالعيون,M
هروجى,M
كفلى,M
خفاجه,M
عرندز,M
لوجين,F
برديسي,M
سوبي,M
اسلم,M
الشربينى,M
الخولى,M
ابوالسعد,M
عبداله,M
السوبى,M
جيلانى,M
سجيد,M
المعتز,M
يواقيم,M
العارف,M
عسقلانى,M
سدراك,M
دبركى,M
حذيفه,M
رشدي,M
ذياد,M
خواجه,M
فليب,M
عبدكيرلس,M
كوسيجين,M
الجيد,M
شاهر,M
برجاس,M
بدران,M
عليوه,M
مغربي,M
حموده,M
دفتر,M
مكاوى,M
عتمان,M
الزين,M
بردهونى,M
الرحمن,M
كاظم,M
بشريده,M
اجمد,M
سمرى,M
بسطوروس,M
ماضي,M
تاج,M
نادي,M
شرعى,M
برنس,M
عساف,M
ذكريا,M
سطوحي,M
وفائى,M
مشتاق,M
الشافعى,M
راضي,M
معاذ,M
محمدأبوالقاسم,M
اشعيا,M
حويا,M
يامن,M
شلبى,M
البنا,M
عبدالمعم,M
بطاطا,M
عبدالمعيد,M
محمدحلمى,M
حجازيه,F
غنيم,M
فيض,M
نعمات,F
احلام,M
المشتاوى,M
هيكل,M
دخيل,M
نبوى,M
فضلى,M
عبدالصابر,M
السعود,M
بياوى,M
اورى,M
جحا,M
راويه,F
زهيرى,M
طيبى,M
سماهر,F
عزالعرب,M
ابوالعالمين,M
هايم,M
مصعب,M
الرشيدى,M
عبدالبر,M
النحاس,M
فتجى,M
اوليفر,M
جبران,M
ثرى,M
ناصف,M
مهاود,M
دوماديوس,M
رائف,M
قسطنجى,M
محمدالصاوى,M
شوبك,M
سوبى,M
مفيد,M
اياتى,M
فليوباتير,M
عد,M
الموجود,M
يسخرون,M
جمل,M
ابودسوقى,M
اعطاف,F
حسني,M
عبدالمتجلى,M
لله,M
بدور,F
جهمي,M
يوحنا,M
سادات,M
رزقه,F
زمزم,F
سجى,F
مدبولى,M
سمراء,F
سنيه,F
ضاحي,M
حلبي,M
حفيظ,M
باذيد,M
كريمان,F
مايفل,F
ابوسخرون,M
نادره,F
نارمين,F
الليل,M
الصاوي,M
نوسه,F
هدايه,F
شرقاوي,M
يسر,M
هنادى,F
كستر,M
اماره,F
المصرى,M
عوده,M
ابوالفضل,M
ملازم,M
عليا,F
كنزى,F
فداوى,M
السباعى,M
حبييه,F
حنفي,M
سجده,F
شهيد,M
ابوالعباس,M
رشوان,M
نارمان,F
خلود,M
سخى,M
الزهرى,M
نداوي,M
بوش,M
شعراوي,M
اشراق,F
معيش,M
انجل,F
استراتى,M
فايقه,F
فريال,F
كارمين,F
عبدمناع,M
كيريا,F
مرتين,F
نعمانى,M
عكه,M
ادوارد,M
سويفى,M
هلبيس,F
معتذ,M
الجميل,M
القذافى,M
طالب,M
قرقور,M
عبدناشد,M
عبدالشكور,M
الكرانى,M
غلاب,M
انشراح,F
مومن,M
توئه,F
حور,F
قضب,M
راندا,F
لؤى,M
الوردانى,M
الكحلاوى,M
صافيناز,F
عيشه,F
مورا,F
تواب,M
يمنى,F
المكارم,M
مداح,M
ابوالغيط,M
هلالي,M
حمتو,M
عطاالكريم,M
حنطور,M
الضوى,M
لطفي,M
مخائيل,M
ابادير,M
نصرت,M
عبدالمخلف,M
محمدسيد,M
يدرى,M
غفار,M
يوانس,M
ابوالدهب,M
توحيده,F
بهسناوى,M
مشيره,F
وضحه,F
ضوى,M
القرنى,M
انجه,F
جوهانا,F
حفصه,F
سعفان,M
سوما,F
شربات,F
ابوالحسين,M
فدوى,F
روبى,M
الفى,M
نجات,F
عبدالراضى,M
ياره,F
اسر,M
بهنساوى,M
الغندقلى,M
محمدالصغير,M
زيدون,M
شوكت,M
نشئ,M
قطيعى,M
رحيل,F
دبشه,M
بحيري,M
باشا,M
بهنساوي,M
طرفاوى,M
نصره,F
نجدى,M
هيلدا,F
سعدالدين,M
وفاء,M
بحيرى,M
فيلوباتير,M
بهدالى,M
ليون,M
عجايبى,M
الجنيدي,M
مكى,M
بوسى,F
شنيوى,M
جانيت,F
جيلانه,F
حفني,M
النادي,M
فاكهه,F
مصبح,M
محمدمهنى,M
عبدالباقي,M
يشرى,M
جلبى,M
الشبكشى,M
بساده,M
ليثي,M
صمؤئيل,M
ابسخيرون,M
مريان,M
قليد,M
ابو,M
فوز,F
بربري,M
موفق,M
سهيل,M
امبن,M
ابوالعيد,M
سبد,M
سلبم,M
اريج,F
فلمون,M
نبيش,M
ابوسته,M
بدرالدين,M
هلالى,M
جنينه,F
ذهب,F
رويشد,M
رانده,F
عباسيه,F
نجاتى,M
المولى,M
بديني,M
نانا,F
الجرودى,M
الحمد,M
ميهوب,M
سوسى,M
معبدمحمد,M
مجيدى,M
انجيل,F
حشاد,M
بندى,M
يوستينه,F
جفال,M
اقبال,F
بيجين,M
صدقي,M
زعفران,M
امندا,F
هجرسى,M
ايزيس,F
اكرامى,M
عبداسلام,M
جاسى,F
جمالات,F
واسع,M
منهرى,M
رتيب,M
ورداني,M
مغاورى,M
روأنا,F
بولاق,M
زنيب,F
غول,M
عشم,M
ثايت,M
نيسان,M
سوميه,F
سهل,M
شهندى,M
بكري,M
عاليه,F
طهماوى,M
طراف,M
امبل,M
لادي,M
كريستين,F
ليديه,F
طوسه,M
مكسموس,M
اسكارس,M
ضاني,M
سلطن,M
عبدالولي,M
العيد,M
مهران,M
مهدي,M
حمعه,M
شبل,M
ريان,M
سيلا,M
حقى,M
انجيليوس,M
غالي,M
الهادى,M
هندي,M
سيله,M
جيسن,M
ساهر,M
السعيد,M
ابوخليل,M
قرضابى,M
يولس,M
شمندى,M
عبدالخبير,M
مين,M
ميللر,M
واقيم,M
عبداللا,M
عباده,M
انياظ,M
عبدالنظير,M
كحلاوى,M
شفاء,F
خويلد,M
نجوات,F
ابوالحارث,M
السمالوطى,M
ابواليزيد,M
عبدالدائم,M
مشهور,M
زهور,F
سمريه,F
شوقيه,F
عبدالمعين,M
قليعى,M
ابراهم,M
حسينى,M
التونى,M
الاصنع,M
اخلاص,F
العتريس,M
بلسم,F
حهاد,F
دانا,F
مناف,M
العىتريس,M
حلف,M
عامرعبدالمطلب,M
جسرى,M
اخمد,M
زويد,M
جسيان,F
راشيل,F
حندوق,M
قليني,M
ابواليل,M
غنيه,F
نسييم,M
جمبل,M
مربم,F
جندي,M
اثنانيوس,M
شعيان,M
جادالرب,M
اشتياق,M
بهيج,M
هابيل,M
القمس,M
دكش,M
روماريو,M
صمويل,M
نيبل,M
عبدالمزيد,M
مطيره,M
صدق,M
كيرليس,M
ماكاريوس,M
غيد,M
صداق,M
نويجع,M
يوثام,M
عبدالمنجى,M
نوريهان,F
ارزاق,F
اسمهان,F
ابوحليبى,M
تيسير,M
المنتصر,M
سليمه,F
صفا,F
مودلين,F
نريمان,F
صابرين,M
عبدالقوي,M
المدثر,M
الهوارى,M
بسيوني,M
نزهى,M
عدنان,M
ريحان,M
اريهام,F
تركى,M
انثال,F
اولفيا,F
جرس,M
حريه,F
احمدي,M
زبيدا,F
ابوشوشه,M
سندسيه,F
شاهندا,F
مادح,M
برسطاوى,M
نحمده,F
فركاش,M
مفضل,M
ابوعميره,M
ابوالشلابى,M
جاسم,M
الماوى,M
قادر,M
نظمى,M
خشروم,M
منور,M
فهد,M
ابوعشه,M
امباشى,M
اشواشين,M
ابوهارون,M
جبالى,M
دهب,F
حمام,M
ابوطرفايه,M
جلغاف,M
شحته,M
احمدى,M
فريجه,F
مبروكه,F
عبدالنادى,M
نميرى,M
مقرحى,M
العزايم,M
زبون,M
ابوطلاس,M
السعدى,M
مشوادى,M
عرموش,M
ابوحلفايه,M
نخنوخ,M
ندره,F
عجب,M
صفى,M
هراس,M
مويس,M
مدلله,F
برميل,M
شواط,M
اسماعبل,M
حاكم,M
عبدحسن,M
شقلوف,M
بخاطره,M
الرزق,M
الانصارى,M
عويضه,M
شيبه,M
رفغت,M
الصادق,M
كريستينا,F
نعمت,F
الفولى,M
سلمى,M
سلمي,M
حسلم,M
السادات,M
عيسوي,M
نجات,M
عبدالمنجي,M
اشجان,F
رشدان,M
البتول,F
العظيم,M
عليش,M
جرو,M
عبدالعواض,M
انشد,M
شداد,M
قاياتى,M
رحاب,M
رايقه,F
البو,M
اتشد,M
عاكف,M
نداء,F
الصفا,M
شعرواى,M
حمزاوي,M
جارحي,M
بلياس,M
هلشم,M
قضاوى,M
حفظ,M
نورا,M
قمره,F
مجده,F
غزات,M
عبدالشلفى,M
شرف,M
وسيلي,M
برازان,M
تاوفليس,M
ابوالعلاء,M
توفبق,M
عذرا,M
مبخائيل,M
جادالسيد,M
سامي,M
هيدى,F
برام,M
سلومه,M
زخارى,M
النمر,M
ابوالوفاء,M
غرام,M
سفين,M
بهجات,M
عبدالمعتمد,M
متحت,M
منشاوي,M
تمام,M
العبيد,M
نوح,M
نمام,M
ندير,M
منجي,M
شاهد,M
رزاق,M
بليغ,M
قدريه,F
لواحظ,F
بدير,M
شهاد,M
قريش,M
اغابيوس,M
مرغني,M
الداخلي,M
طايع,M
وهمان,M
بدري,M
عبدا,M
الخالق,M
زيزى,M
الحتى,M
الدمرداش,M
عزولاني,M
الدمرداشى,M
بنوره,F
الليثي,M
زيناهم,F
ستهم,F
الرازق,M
يحيي,M
منتصره,F
نقودى,M
ناجحه,F
فاخر,M
زرعى,M
ميخائبل,M
القياتى,M
بسمان,M
بيباوى,M
طايل,M
شهير,M
وحش,M
رشيدى,M
العيون,M
حكشه,M
عزقلاني,M
مرايف,M
الليثى,M
بسيمه,F
حماس,F
ذكرى,F
روح,F
نتيج,M
قدس,M
مدينه,F
ميسره,F
قاصد,M
غديرى,M
قبيضه,M
الطبلاوى,M
عفيفي,M
اموره,F
الفونس,M
برنسا,F
محيسن,M
بلطيه,F
بهيثا,F
الخلعى,M
تقوى,F
فراح,M
النعيم,M
مشمش,M
فتوح,M
توحه,M
سهرانه,F
ابوالكرامات,M
ازرق,M
مندارى,M
عطيات,F
امرى,M
مقبول,M
كمال,F
مسعوده,F
فصيبح,M
الحميد,M
عبدالحارس,M
مقبولى,M
سنجر,M
طبلاوى,M
عصمان,M
غيربال,M
جيلان,F
جرحس,M
سانتى,F
عايده,F
كرمه,F
كيرستين,F
مكسيوس,M
بسيط,M
محفوظه,F
مروا,F
هلقاني,M
منجده,F
عاطب,M
مسعان,M
داس,M
ننسى,F
تكلا,M
عطانه,M
انجلي,M
جبرائيل,M
استيفان,M
تكله,M
عبدرياض,M
جوفان,M
فليمون,M
مكيموس,M
بطوروس,M
طهماوي,M
عبدالراقع,M
مرداش,M
عرابي,M
ابوسيفين,M
فيزى,M
عبالله,M
شربف,M
عتيق,M
الكبير,M
وسام,M
عبدالمتمنى,M
وافي,M
صفاء,M
خضرى,M
معنى,M
عبداسماعيل,M
مونيكا,F
مخالى,M
نظيره,F
عطى,M
حيضر,M
اتور,M
اسيد,M
مثبت,M
ماثيو,M
امره,M
ايريكا,F
شرلى,M
لطيف,M
جوفانه,F
جومانا,F
سيفين,M
ابوالفيل,M
سعدنى,M
بسطاورو,M
روز,F
عرندس,M
ابوسيف,M
سدره,M
غبدالله,M
فونس,M
لوندى,M
سومحه,M
لورنا,F
زاخريوس,M
عبدصاروفيم,M
مارفا,F
ماريهان,F
مانويلا,F
معمدان,M
مريت,F
مريهان,F
غايس,M
عبدالفادى,M
طنج,M
سنفرو,M
يوأنا,F
صارفيم,M
ذاكي,M
اسطاور,M
كيهك,M
حبيش,M
سنكري,M
جوني,M
حمده,M
رؤول,M
راؤول,M
تايب,M
وردى,M
شارل,M
يسئ,M
عرموس,M
نورى,M
ملر,M
نديم,M
مريز,M
ابوحليقه,M
رحومه,M
فيومى,M
حدوت,M
زروق,M
دمينى,M
بسل,M
عبدنادى,M
موره,M
نجاه,M
مرغنى,M
هرام,M
شلاتيت,M
اردينا,F
اوجنيه,F
استيرو,M
الهامى,M
سهام,M
منداراوى,M
ابوالعلمين,M
الغندورى,M
هبا,F
يورين,F
الحنبولي,M
الزناتى,M
هنداوى,M
هيدرا,M
السنوسى,M
رجبيه,F
شرموخ,M
ابوحلقه,M
شلبيه,F
منجه,F
اسمناعيل,M
تمى,M
رابح,M
يثرب,F
ابرأهيم,M
عارز,M
ابوالحلى,M
عبدالرزق,M
احسان,M
الخير,M
مغيث,M
ايثم,M
زهرى,M
عبدالغنني,M
سباعى,M
مياس,M
مجاهيد,M
انورالسادات,M
زربيه,M
صافي,M
عبدمناف,M
عبدالمولي,M
ميمون,M
ابوحويه,M
انوار,F
شحيت,M
حوسين,M
الديك,M
الميمون,M
حرباوى,M
كاميليا,F
فرفور,M
منبيشى,M
شجيت,M
علاق,M
علوى,M
ضبع,M
اكحيميش,M
جنيدى,M
انجليوس,M
الزينى,M
عبدالكافي,M
بادير,M
هديب,M
عبدالقدوس,M
ابوالكارم,M
الوهاب,M
برايت,F
جوفينا,F
زوزو,F
ساندرينا,F
مجيد,M
فيرونا,F
رمزي,M
مارفى,F
جبيب,M
قمر,M
امشير,M
نردين,F
شقراني,M
هديا,M
اوميمه,F
النعاس,M
العادل,M
نقيه,F
نهاد,F
الدوله,M
سويكر,M
فضيل,M
الكيلاني,M
امبيشى,M
حرب,M
المبروك,M
مريض,M
قدافى,M
سويس,M
عنبر,M
ابوخليفه,M
عشورى,M
ابوغراره,M
عبدالمرشد,M
خفيف,M
سالسبيل,F
عزاوى,M
سونيا,F
الالفى,M
ابوالنصر,M
زاينهم,M
عوضين,M
قريشى,M
جود,F
شويكار,F
ابوالحمد,M
عيون,M
هياء,F
محمو,M
د,M
منصف,M
الطرشانى,M
القادر,M
مدكور,M
اعتماد,F
عبدالعاظيم,M
بهاء,F
رحيق,F
الحقي,M
شهنده,F
جسار,M
متصر,M
سرور,M
العبد,M
افرونيا,F
عاذر,M
دولاجى,F
الشريف,M
هايمن,M
صبحي,M
نشات,M
اصلاني,M
النشار,M
فنحى,M
الحنفى,M
سعود,M
عبدالمنصف,M
المعزلدين,M
مارلى,M
بندرى,M
خطار,M
لنعيم,M
ابوا,M
لعمران,M
ادوار,M
زبيده,F
أبو,M
رحب,M
بواقيم,M
البكرى,M
شربينى,M
شربيني,M
عبدعطا,M
غبور,M
محمدود,M
سريال,M
ايفلين,F
ميمى,M
بارثينه,F
بدر,F
الريس,M
بر,M
زبنب,F
دنديشى,M
عز,F
فر,F
حه,M
ممد,M
كلير,F
سمسوم,M
شكري,M
ترياك,M
اشعيه,M
ميريهان,F
الجندي,M
سحاق,M
يوليانه,F
ابوخالد,M
ابوالنيل,M
عيادالصغير,M
عبدلله,M
ملتياد,M
صقى,M
عبدشكرى,M
المسيح,M
زكا,M
تونس,F
روفيدا,F
رمصان,M
ارشيد,M
فضل,F
راجي,M
بدوي,M
نجيبه,F
ابواسماعيل,M
السمرى,M
زخاري,M
بفام,M
بحي,M
طونى,M
عرقات,M
هنري,M
جرجاوي,M
كراس,M
اوجينا,F
اوليزيا,F
باسنت,F
تريفانيا,F
ذيدان,M
كرومل,M
درغام,M
حدق,M
عرباوى,M
عائد,M
ليئه,F
عبدفايز,M
ماريانه,F
عبدغطاس,M
ميشال,M
نيقولا,M
جبراوى,M
شويك,M
اوريا,M
نخيل,M
نيروز,M
افرام,M
امانيوس,M
بشنونه,M
عبدلويز,M
عبدشحاته,M
مارو,M
رحوم,M
نحاس,M
استاورو,M
اهداء,F
ابوزينهم,M
ثونى,M
غريانى,M
ابوحسن,M
ابوالخير,M
فله,F
مدنى,M
دفشى,M
طعلت,M
اوجد,M
سويطى,M
صغبر,M
ارين,F
ابوالوفا,M
مجروس,M
عبدالظيم,M
تغان,M
سماح,M
مدرونه,F
مشفت,M
توغان,M
نجفه,F
جوار,M
عبدعزيز,M
اسام,M
بنيه,M
ونجت,M
اسكندره,F
الين,F
رومندا,F
عط,M
مستوره,F
عبدمتى,M
ضليب,M
بنيوت,M
بيطر,M
فيلوبايير,M
اوسامه,M
اندروس,M
رينى,F
نوس,F
تيمور,M
اسرافيل,M
بسخيرون,M
شنودا,M
ايفيت,F
عراقى,M
جهاد,M
كستور,M
زهو,F
متجلى,M
سيحا,M
قته,M
الصرمانى,M
فوزي,M
عبدخله,M
مرتينا,F
متري,M
عاز,M
حبش,M
نفيسه,F
نميس,F
خله,M
اسكاوروس,M
ذكري,M
قلدس,M
ملطى,M
بصير,M
عبدمنير,M
بسطه,M
ابوالحكم,M
توضروس,M
ضبعى,M
اميايى,M
محمدرضا,M
شجرانى,M
محمدالامير,M
احمدالصغير,M
محمدالسعيد,M
نويرى,M
عبدالشيمى,M
راويا,F
بسطامي,M
نيروز,F
ضاهر,M
منداروى,M
سويسي,M
افرينا,F
اجيد,M
عبدالقالدر,M
براءه,F
مهدلى,M
وصيف,M
توجت,M
ففيانا,F
فكتر,M
منهالله,F
ليشع,M
نورس,F
عكوش,M
ساجد,M
عبدوليم,M
محمدى,M
اجود,M
قبيل,M
عزيزالدين,M
الشرولى,M
مقبل,M
زهرالله,M
سمحى,M
باهىالدين,M
اقواطين,M
واعد,M
قابل,M
نضال,M
لدين,M
الخوزاعى,M
ابسم,M
يمنى,M
عفالله,M
القيس,M
ابوالعز,M
عبدالجميد,M
عطيان,M
عيدالمجيد,M
تركيه,F
عبدلوهاب,M
محمدربيع,M
زهوه,F
ديك,M
سهر,F
سونه,F
نهرو,M
شمخ,M
جاورجى,M
بلبل,M
محمدكمال,M
عنقوله,M
رجأ,M
شالوش,M
يوستسنا,F
البصرى,M
اليوسفى,M
فلامون,M
توقيق,M
بشراى,M
نياظ,M
المنذر,M
عبدالمنتسب,M
همام,M
عبداحمد,M
عبدكرومل,M
عطفى,M
كلثوم,M
امبيه,F
ليسي,M
مايزه,F
فصل,M
اميز,F
تقى,F
عبدالمستجاب,M
مضان,M
دبيكي,M
مرزبان,M
ابرا,M
هيم,M
غزاوى,M
اغانى,F
يادم,M
اوديت,F
دليمى,M
سلسبيل,F
افكارين,M
سيرين,F
منفى,M
دبيكى,M
لطيفه,F
سسالم,M
بصيص,M
السمان,M
مفاح,M
غراره,M
الصيفى,M
حست,M
علمى,M
برديسى,M
اكرام,F
ايفان,F
ابوصيام,M
نطر,M
عبدالغتى,M
لبنى,M
زيداز,M
مؤمنه,F
فياض,M
اشر,M
ف,M
سداد,M
حفظى,M
هتلر,M
سكران,M
فائق,M
حرنى,M
شلتوت,M
رائق,M
خليلم,M
فلاح,M
عبدالباقلى,M
عبداعزيز,M
افتنون,M
هبدالعال,M
اسيه,F
حدور,M
عباللطيف,M
ابوالسباع,M
ثناء,F
عبدالرحممن,M
عبدشبيب,M
ابوديله,M
عبدالحليل,M
ابواللبل,M
سياف,M
شمت,M
الألفي,M
زعزوع,M
ابوالسباغ,M
جبرئيل,M
الصديق,M
غبدالعال,M
غبدالحفيظ,M
احترام,F
الاصهب,M
مطرود,M
عبدجريس,M
شلقانى,M
اسليمان,M
عبدالنصير,M
ويلى,M
عبدالناجى,M
ابوالدلال,M
مسمح,M
لقمان,M
افنيس,F
النبى,M
رهف,F
بنزويل,M
بيرو,M
ناروس,M
دح,M
نوال,M
رميح,M
سماوى,M
بحراوى,M
باريز,M
عبدابو,M
عبدابوالليل,M
عموش,M
نصيب,M
اليزيد,M
الاسلام,M
معاتيق,M
شهده,F
لطيوش,M
رسلان,M
قصى,M
طرفايه,M
شريناز,F
حصاوى,M
مفتاج,M
قذافي,M
ابومدين,M
ابوالعزعبده,M
عطيفى,M
ناصرالدين,M
ماهرعثمان,M
الحجازى,M
هرون,M
محمدطارق,M
نودى,M
بسطا,M
محمودالصغير,M
غنى,M
بطيحه,M
محمدامين,M
عمرهشام,M
باهر,M
النسيمى,M
كارلس,M
ضياءالدين,M
ماهرمحمود,M
نصرسيد,M
زعلول,M
محمدالبدر,M
مصيلحى,M
مدثر,M
ريحاب,M
احمدماهر,M
محمدرفعت,M
عزيزالدىن,M
الضبع,M
عامرطلب,M
حسونه,M
قمصان,M
محمدمهني,M
ريفان,F
وحبد,M
فرح,F
الفارس,M
مريد,M
برهيجي,M
نغم,F
روميساء,F
فيرا,F
فوده,M
باتريك,M
واسيلى,M
دنيال,M
انسى,M
فلتس,M
تادروس,M
براء,F
محمدعادل,M
جولى,F
عطاي,M
نظيف,M
سدين,F
الخراط,M
سلبمان,M
صوفيا,F
فيرونيكا,F
جوارجى,M
كاتى,F
لميس,F
مارولا,F
ماهينور,F
منة,F
ميرونا,F
شمروخ,M
جومانه,F
كرار,M
ترنيم,F
مارلى,F
هانبا,F
جان,M
كارل,M
رؤف,M
مايك,M
ميلر,M
ايثار,F
جنا,F
الهام,M
وعدالله,M
مسامح,M
دومه,M
عبدالوالى,M
خبيب,M
تودرى,M
براهيم,M
يا,M
سين,M
بولص,M
نياظى,M
الغباشى,M
الفرغلى,M
ماذن,M
اوسام,M
تقي,M
وسمى,M
عبدالمعبدعبدالنبى,M
محمدراضى,M
ايـات,F
ابـراهيم,M
عبدالكـريم,M
عـلاء,M
عبدالولى,M
عبدالرجال,M
استمالك,M
صابرى,M
زناتى,M
روقيه,F
عمده,M
صفيناز,F
مارثا,F
حواتكى,M
الطبرى,M
حريز,M
حج,M
وعد,F
مححمد,M
حجارى,M
اردينه,F
اسيل,F
ايفا,F
اعتصام,M
عبداباسط,M
ض,M
ث,M
بىسمله,F
تقا,F
تميمه,F
السر,M
ربيعي,M
كلحي,M
حسوبه,M
لولى,M
شدا,F
لمى,F
محمدحسن,M
مقلد,M
النبي,M
ميراى,F
ميسم,F
نرفانا,F
ع,M
همس,F
هيلن,F
جاستن,F
قطيط,M
سولينا,F
لجين,F
مارفن,F
مورين,F
ميرام,F
هولى,F
هيلارى,F
عطفان,M
عبدالسند,M
ناظر,M
مساك,M
جيوفانى,M
سيمون,M
عبدالخير,M
البيومى,M
هوى,M
عبالرحمن,M
مولر,M
نوناى,M
اثير,F
اشكيناز,F
اغابى,F
العلياء,F
عطاى,M
اوجينه,F
تسبيح,F
عبالمسيح,M
جودى,F
رأغت,M
اقبال,M
رودينه,F
روفانا,F
ت,M
النوبى,M
عبدالعزبز,M
أم,F
فرونيكا,F
البدري,M
مللك,M
ز,M
مايجن,F
بربرى,M
عسران,M
ايسن,F
ناجي,M
احمدمحمد,M
الفريد,M
سامنثا,F
زهيف,M
عجايبي,M
انطونيو,M
الفكرى,M
مخلص,M
فتى,M
م,M
عطيتو,M
ابومخلوف,M
محمدالعبد,M
الطاهر,M
العادلى,M
منذر,M
شمشوم,M
ارسولا,F
جورجينا,F
ابوالعزم,M
التركى,M
عبدالروؤف,M
دمترى,M
تاروز,M
داوس,M
فيرجينيا,F
روبرت,M
ليفون,M
الحبيب,M
مايوركا,F
الطويل,M
ميرال,F
رحماء,F
الهجان,M
اكثم,M
النزهي,M
البركاوى,M
ابوخيشه,M
الديب,M
خفاجي,M
الاسيد,M
البدراوى,M
رينيه,F
بريده,M
خضرواى,M
عبداالعزيز,M
نوزاد,M
الفت,F
ابوالطيب,M
بركسام,F
شهرى,M
عسقلان,M
بري,M
عبدالوالي,M
عدالفتاح,M
لطفيه,F
مارتين,F
عطيطو,M
ناعسه,F
ابوالحجاج,M
يؤنا,F
روديلف,M
تسن,M
معبدسيد,M
الأمين,M
زعفر,M
موهوب,M
ليسى,M
محمدنور,M
محمدشيتوى,M
عصماء,F
عطاف,F
الأزهرى,M
نجوه,F
بوسف,M
الغنى,M
شريعى,M
الصغبر,M
براهبم,M
الغزالى,M
مطيعى,M
القدرى,M
القطيعى,M
مزارع,M
عوف,M
عبدالكر,M
يم,M
ارستين,F
ايرين,F
ايفت,F
بارثينا,F
ابوضيف,M
روزالين,F
المختار,M
ماريام,F
عزير,M
حببب,M
نرجس,F
مشهد,M
يؤانا,F
حمدالله,M
ميجر,M
جوناثان,M
قناويل,M
العزيز,M
تنداوى,M
جبالي,M
سكنه,F
سوسو,F
سوسينه,F
احمدالحسينى,M
صنيوره,F
الحسيني,M
مرينه,F
تلاوى,M
ياسرر,M
ناجد,M
محمدعمر,M
انجلوس,M
رماح,M
عبدالحكبم,M
رضاى,M
سرالختم,M
واحى,M
ابوالعمران,M
خضيرى,M
جنيدي,M
شتوي,M
نبوت,M
اشراف,M
عوص,M
رافائيل,M
معبدصابر,M
سعاده,F
عليات,F
شازلى,M
شرازى,M
قصدى,M
اوفديه,F
عبدالودود,M
عسكر,F
خضير,M
البطل,M
نظل,F
هزلن,M
ابوالهدى,M
سركيس,M
مطر,M
هرني,M
عسير,M
قبارى,M
امساك,M
عببدالحميد,M
حمدون,M
الصالحين,M
شندي,M
شطبى,M
عبدالاله,M
عالى,M
طلال,M
غرام,F
يارب,M
خلى,M
ايراهيم,M
سرجيوس,M
الهيثم,M
ميلا,M
لمعي,M
ناحج,M
ذوق,M
فلو,M
باتير,M
اسطاوروس,M
خليله,M
عبدالحكميم,M
مطير,M
عهدى,M
اوجينى,F
ايار,F
ديما,F
ردينه,F
علوه,M
سلسبيلا,F
بايزيد,M
الهواري,M
مارفل,F
وريث,M
جويله,F
عبدالماجد,M
ايهم,M
محمدالزيني,M
الرستم,M
ام,F
البرنس,M
وضيئ,M
عبدالمعطي,M
النميرى,M
نعنوس,M
عقيل,M
تاغي,M
مرضى,M
عبدالباصير,M
لحمد,M
بن,M
نتج,M
غضوب,M
عارفين,M
العقيلى,M
مستغاضي,M
ماضبي,M
سلوان,F
شحوت,M
شورى,M
عبدالصابور,M
ارمياء,M
بنامين,M
جيوشي,M
جيوشى,M
مملوك,M
سايمان,M
كيرولس,M
عبدالعزيو,M
منجد,M
فاز,M
عبدالعزير,M
اسرء,F
حسنه,F
رسانى,M
عبدالدين,M
يوءنا,F
اابراهيم,M
عفيفه,F
مهيار,F
اكمل,M
قشيرى,M
مشعال,M
شيبوب,M
عبدعبدالله,M
الياب,M
عبدالجاير,M
عبدالنعبم,M
شيخ,M
روحه,M
وهيبه,F
ادمرداش,M
السقا,M
عزمي,M
حنل,M
اصمعى,M
زاير,M
زكارى,M
سهيلا,F
غرباوى,M
الى,M
جورجيوس,M
ايمنه,F
جبل,M
عشور,M
سنجام,M
فجر,M
فدراوى,M
عبدالسلا,M
كفافى,M
اصنعى,M
ثيودورا,F
حدقه,F
زياد,F
رايق,M
مريام,F
يوانا,F
عبدمحمد,M
ابوالعينين,M
محلوف,M
بسيخرون,M
برقى,M
جليانا,F
محمدعزت,M
موده,F
حواش,M
محمدالبيومى,M
نيازى,M
قناوي,M
مراحب,F
عايش,M
ميسره,M
الحفنى,M
الفتوح,M
كابر,F
مرسا,F
عبالعزيز,M
يمنه,F
صهار,M
وقيم,M
نورفانا,F
حلو,M
ابوالشيخ,M
افيولا,F
سدراوي,M
حسانبن,M
انطوني,M
صومائيل,M
بشات,M
هزلى,M
اربسيما,F
العشرى,M
حجازي,M
متيسر,M
اسمى,F
ديانه,F
يوناى,M
الازرق,M
مارسه,F
سرافيل,M
محمدسعيد,M
خورشيد,M
محي,M
اصنعي,M
خسيين,M
تؤفيق,M
شمر,M
جاليه,M
هيتم,M
دكروري,M
زقزوق,M
الدارقطنى,M
كامله,F
مونس,M
خرستو,M
نبيه,F
ابوالعطا,M
فوكيه,M
ابنوب,M
السباع,M
النقيب,M
فخر,M
محمدنجيب,M
لوز,M
الشاهد,M
صلا,M
ح,M
قلفاوى,M
فنجري,M
خيشه,M
اصباع,M
ابوالريش,M
جميان,M
كمالى,M
ابوعبيده,M
الريش,M
ايرائى,F
ابواليامين,M
حكمت,F
قليعي,M
مصري,M
راغده,F
جداوي,M
عبدالغفور,M
هريدي,M
عنايات,F
قزمول,M
بشوت,M
مهتاب,F
عبدالقافي,M
مجدي,M
لما,F
ر,M
عبدالشافعى,M
نفوس,M
فيضى,M
زكرى,F
عشيرى,M
السبيعى,M
غزالي,M
قرشى,M
هائم,M
ها,F
جر,M
نجد,M
فايض,M
ابوحلفه,M
الكسبان,M
خرش,M
محمد.,M
النقراشى,M
عقباوي,M
جيميانه,F
انورى,M
هلباوى,M
ريحان,F
محمدرجب,M
لليان,F
الدراوس,M
حلمىى,M
محمدفولى,M
سوسو,M
ابومعانى,M
المولي,M
زوين,M
طرفاوي,M
زكرىا,M
شفقيق,M
حكمات,F
صبحه,F
عبدالحواد,M
طياب,M
كسوات,M
ابوشناف,M
ذهني,M
الساعدي,M
الشامخ,M
دويب,M
طغيان,M
خطيره,F
غندى,M
معبدمختار,M
عزاز,M
ثاوفيلس,M
رب,M
انجيلوس,M
رئيس,M
كسبان,M
سحر,M
بشندي,M
جليه,M
ريتاج,F
قمير,M
عبدالحريص,M
جارح,M
قواطين,M
صاغ,M
دمرداشي,M
شكل,M
الحسناء,F
الطاف,F
محمدنادى,M
دليا,F
راند,F
اميرالمؤمنين,M
متع,M
والى,M
علواني,M
اوعاد,F
بزاده,F
حكيمه,F
حموه,M
عزيمه,F
منياوى,M
واثق,M
نتعى,M
عمارى,M
الجالي,M
العربي,M
ابوسعود,M
براء,M
اليس,F
شعيت,M
ابوالنجد,M
زير,M
ليليان,F
بشارى,M
شاؤول,M
عبدالرءوف,M
عجيان,M
شيت,M
عطوان,M
الرهيف,M
صمؤيل,M
دريس,M
مكارم,M
بهلوى,M
صموئي,M
مرعي,M
حباسى,M
روبيل,M
"على	",M
فورى,M
تواضروس,M
فنيار,M
تيموناوس,M
عدبد,M
الجليل,M
راضيه,F
جيره,M
نوفانه,F
ابوالطاهر,M
فاريز,M
قوزى,M
برعي,M
نقاوى,M
افلاديوس,M
الخضر,M
مودى,M
رباح,F
عراقي,M
محسون,M
شال,M
مندروى,M
نودي,M
عربان,M
ميرغنى,M
ميصر,M
ابوقرمان,M
عبدالرجمن,M
مندورى,M
مزيون,M
ميرت,F
ميسر,M
يا,F
سمين,M
الحديدى,M
ونس,M
خافظ,M
برت,M
نهاد,M
عراب,M
البسطاوى,M
محمدجمال,M
جستين,F
سعدون,M
مايبل,F
ناغى,M
قلديوس,M
بساليوس,M
الراضى,M
خلي,M
افراج,F
ساكن,M
نان,M
قضيان,M
جيوش,M
مكاوي,M
بسالي,M
كنز,M
بغدادي,M
البحيري,M
صفوان,M
محمدعبدالبارى,M
جادالمولى,M
النوبي,M
عبدالواجد,M
انتونى,M
جاكسى,M
روميرو,M
شعماش,M
مؤذن,M
النادى,M
مشال,M
ليمون,M
يوسام,M
غيطان,M
مشاضي,M
لصيق,M
مراجع,M
ابريك,M
المنفي,M
مشحوت,M
المنفى,M
لبنه,F
الشرقاوى,M
همالى,M
نبيشي,M
فداوي,M
ابوفرده,M
حلات,M
نايف,M
مطلق,M
سقام,M
رومانده,F
مادين,F
الجندى,M
اوتير,M
كسوان,M
وظيف,M
ديمترى,M
فلامين,M
انبيشى,M
شناف,M
ميكل,M
ارشاد,F
الأصنعى,M
عبداالله,M
امبيش,M
عبدالحقيظ,M
عبالسلام,M
زاهيه,F
صفىالدين,M
تاجى,M
عقب,M
طنطاوي,M
متصور,M
المجدوب,M
خميش,M
ترتيل,F
زيس,F
عبالجواد,M
عداوى,M
خليف,M
دردرير,M
الرعد,M
اشمونى,M
اشموني,M
ذكرا,F
قريوى,M
عندليب,F
فاروز,M
بركه,M
ايمان,M
طامي,M
ريحانه,F
عطايلله,M
غازى,M
ميكائيل,M
ابوقيله,M
اللافى,M
بانوه,M
عبداللطف,M
انورين,F
بنان,F
جويريه,F
روال,F
مشرقي,M
عيناء,F
لوجينا,F
ليالى,F
حناوى,M
نعم,M
هان,F
زاده,M
تميم,M
برتله,M
وسيلى,M
باسيلي,M
كيفن,M
امنون,M
الشيمي,M
نورسين,F
خديوى,M
مللك,F
همسه,F
زانا,F
بوزان,M
رموك,M
محمود,F
كاميران,M
افوميه,F
جوانه,F
راعوث,F
سميوت,F
شنوده,F
فرنيكا,F
فورينا,F
كرستا,F
ظهران,M
كريستى,F
مقاريوس,M
بموا,M
ملقا,M
دماديوس,M
ضبيع,M
عجابيى,M
مسيحه,M
استريكا,F
باغوش,M
ميرهم,M
هلتر,M
بؤاد,M
غنوم,M
ماجدى,M
عبدالملام,M
ذكره,M
احد,M
خطيرى,M
محمدالمهدى,M
ذاحمدذ,M
محمدماضى,M
حبب,M
عبادالدين,M
كريمو,M
حساسين,M
عوني,M
سامير,M
قدري,M
القطشه,M
أحمد,M
عبدالثالوث,M
عبدناصر,M
عبدالجلبل,M
عبدالقهار,M
ميره,F
اسامى,M
جويلى,M
شحلته,M
الديم,M
عبدالفهيم,M
زاخرنوس,M
رضيه,F
المجد,M
الشاذلى,M
عيدالعزيز,M
ذايد,M
عبدالروف,M
زيزى,F
ريدي,M
نقراشى,M
خمدى,M
محمدالجبالى,M
غادة,F
المالك,M
المنجى,M
خليفة,M
فادية,F
العال,M
الكافى,M
الحكم,M
الحى,M
الصمد,M
سعدالله,M
المجيد,M
نبيلة,F
العاطى,M
السميع,M
المعطى,M
السلام,M
صمود,F
بسمه,M
طناس,M
نيلى,F
مطراوى,M
الملاك,M
العليم,M
جهلان,M
الجابر,M
نورالهدى,F
اذان,F
عبدالمطلوب,M
معزوز,M
اسما,F
اليسيا,F
معبدسليمان,M
انديرا,F
غاندى,M
ايتن,F
وجيد,M
ترفينا,F
زهدي,M
ثيؤدورا,F
محمدصلاح,M
رستم,M
رومياء,F
قشيري,M
زواتى,M
مارستا,F
وسمن,M
عصفور,M
محمدنصر,M
ميراف,F
رؤوق,M
اهله,F
برسكلا,F
بريسكلا,F
تريزا,F
رئيفه,F
مايدى,F
الكسان,M
بستكلى,M
محمدعبدالحميد,M
استفين,M
طرخان,M
العيسوى,M
اللَه,M
امان,M
فصيحى,M
الدرملى,M
لوزه,M
شناوى,M
متوشلح,M
الداكر,M
درباله,M
محمدفتحى,M
محمدفؤاد,M
اتهم,M
دغار,M
العمده,M
عبداللَه,M
احمدهانى,M
زياده,M
عطار,M
نعوم,M
مدحث,M
السفاوى,M
زغيب,M
كبرلس,M
محمدسمير,M
غا,F
ليه,M
معبداحمد,M
نمس,M
هدؤ,F
برشومى,M
بردويلى,M
سمبر,M
قدوس,M
اوسانيا,F
ريبعى,M
بياتريس,F
عبلدالرحيم,M
بشررى,M
هانئ,M
فرنسا,M
سنيوره,F
لافنيا,F
رؤفائيل,M
سدارى,M
شمعون,M
سبيل,M
الراوى,M
بيجيمى,M
جوفانى,M
طنجر,M
اخنوخ,M
الاحنف,M
باييس,M
صموئبل,M
طباعه,M
فالمون,M
رودا,F
يونا,F
بيير,M
بربتوا,F
زارع,M
شبانه,M
عجاج,M
سمعت,M
حسا,M
نين,M
برسيس,F
بركه,F
ابوقير,M
روزينا,F
بطاح,M
ادورد,M
زوات,F
فرحانه,F
شكيب,M
نصرالله,M
مبرنا,F
قطا,M
رأ,M
فت,M
"ميرنا	",F
"فضل	",M
ابوالزين,M
فلتاوؤس,M
الضلف,M
رايد,M
ديماس,M
باهور,M
خشيت,M
قسطندى,M
سمور,M
ملقه,M
سالمان,M
ابورحاب,M
انشر,M
معمر,M
بهيه,F
زين,F
منظر,M
شمعه,F
مريه,F
بدالحميد,M
عبالمجيد,M
محمدرحب,M
فاتح,M
سا,M
لم,M
محمدعبدالله,M
شحا,M
ته,M
المجاهد,M
شديد,M
عبدالو,M
هاب,M
فا,F
طمه,M
ما,M
جد,M
سعدواى,M
نيارا,F
يو,F
ستينا,M
حفطى,M
يسريه,F
ياقوت,M
كا,M
مل,M
ملتجى,M
واثل,M
سمسم,M
ظايط,M
طا,M
رق,M
عبدالتو,M
اب,M
عطفت,M
هند,M
اوى,M
ابر,M
الين,M
دنبا,F
زناتي,M
مكاسب,F
زهري,M
هويمل,M
ايويكر,M
عويمر,M
عبدالمبدي,M
حسانيين,M
مناور,M
باسيلى,M
فوقى,M
عنترا,M
عبدين,M
شوبان,M
بدين,M
امجاد,F
ايره,F
صفوه,M
شحانه,M
ظنى,M
قابول,M
فتيان,M
غنا,M
مجد,M
نعناع,M
الحمامى,M
مخمير,M
ابواليسر,M
صرمان,M
روبيلى,M
مشعل,M
حرم,F
برقي,M
صهيون,M
وهب,M
محمدرفاعى,M
ابوحسيبه,M
حقيق,M
كتان,M
بسالى,M
محمدناجى,M
محمدعصام,M
فهيمه,F
تمترى,M
فيليم,M
يايرس,M
شبراوى,M
سيناء,F
معالى,F
عبدالرحبم,M
رسميه,F
لقيه,F
وداد,M
يبانى,M
هيشام,M
اَلاء,F
رابى,M
بارزينا,F
عزيزالدبن,M
وقفى,M
ابوصغير,M
اسماعييل,M
وهاب,M
بسطاوى,M
عظيمه,F
راعى,M
ابوالحمايد,M
الفضل,M
قرش,M
الشعرانى,M
افيت,F
حنيه,F
قمرات,F
كريه,F
فيظ,M
العز,M
داهش,M
رائده,F
عزرا,M
شفيقه,F
فانا,M
ناورز,M
سريانى,M
ماردونا,M
ابوالطراطير,M
الوفا,M
ساري,M
عبدالفادر,M
فرنوانى,M
واسق,M
مرندا,F
اليه,M
معانى,F
اليمين,M
الحمايد,M
كرولس,M
عبدالرب,M
راشدان,M
الجناينى,M
جناينى,M
عقيلي,M
اصلان,M
زينى,M
رضى,F
ابوبريق,M
بدراوى,M
توكال,M
سبيعى,M
مظنى,M
الليف,M
الاريا,F
جلوجى,F
طير,M
شمشون,M
السعد,M
فوقيه,F
كريشه,M
وسيله,F
طيب,M
مجمد,M
عبدالفاضل,M
معدن,M
د,F
نيا,M
رودى,F
تاجح,M
لندا,F
مشنب,M
بعزق,M
عشيري,M
ضاوى,M
اثيبه,F
غويل,M
مشالى,M
حكمه,F
را,F
نا,M
عرفه,F
واجد,M
ممتثل,M
وجيهه,F
ازلى,M
منسوب,M
صياح,M
شيبون,M
حظ,M
معبدحسن,M
عببد,M
المنطلب,M
وزيرى,M
درديرى,M
زعيم,M
اربسينا,F
مارتينه,F
فابق,M
نابليون,M
عيدالوارث,M
كبر,M
فكتوريا,F
اليوس,M
تفيده,F
موعود,M
رءوف,M
انبيا,M
سابا,M
استيفين,M
شاربيم,M
بونيه,M
كلام,M
رهيف,M
اسخرون,M
وايز,M
موريد,M
باسيليوس,M
ادب,F
شهام,M
دكتور,M
شكلى,M
خلودى,M
عبدالعظيمم,M
محرس,M
عبدالحمبد,M
طارف,M
محمدالدمرداش,M
شاور,M
روميدا,F
زهيره,F
بحران,M
قنعان,M
حســــــام,M
جهينى,M
خالــد,M
اسماغيل,M
سروجى,M
رولينا,F
ليزداشير,M
جيسون,M
طوس,M
نتاج,M
ابتهاج,F
خورس,M
حاضر,M
يسطا,M
ريحات,F
سماره,F
عابر,M
محمدحسنى,M
روبين,M
درياق,M
عون,M
مغيب,M
الساعدين,M
بنداره,M
معنوى,M
لوزا,F
تيرو,M
بنزيون,M
رمانى,M
الدبو,M
براد,M
عبدالاه,M
مغازى,M
علشور,M
ليله,F
مبدى,M
يولا,F
قزمال,M
سيلفر,M
قرنفيلى,M
ابوخطوه,M
راقى,M
عزره,M
غندر,M
نتالين,F
ندرين,F
باندى,M
مايوريكا,F
اغادير,F
برايه,M
رانيم,F
رانين,F
برزى,M
جوليانا,F
نورين,F
اغا,M
بندر,M
حسيبه,M
عبدالحافيظ,M
قسام,M
شمرون,M
الكاشف,M
خطيب,M
درملي,M
روفلئيل,M
درديربدوى,M
جزيره,M
طريف,M
مشرفم,M
ساميح,M
ليسكو,M
بستفروس,M
صحصاح,M
ريد,M
لوزى,M
جوزبف,M
سنان,M
فرويس,M
فينى,M
البغدادى,M
ضورار,M
احمدمختار,M
رومى,M
فليته,M
حزقيال,M
ؤياض,M
فليم,M
حاروس,M
مليك,M
حتس,M
خضراوي,M
دايفيد,M
جنتلمان,M
روفائبل,M
سويفي,M
كلارك,M
عاجل,M
فرايم,M
ماكن,M
سايح,M
رسل,M
ماتوشالح,M
تودير,M
اّيه,F
جانو,F
عبداتواب,M
رابحه,F
اصيل,M
جناح,M
عبدلحليم,M
عبدالعطى,M
زهزه,M
ممصطفى,M
مندو,M
مارسيلينو,M
ثويبه,F
درملى,M
جلاء,M
الباشا,M
حريشي,M
درامللى,M
مورينا,F
رابين,M
حريش,M
حميل,M
نزبه,M
تغرير,F
قطابى,M
كترين,F
عبدالراضي,M
عزتلى,M
اصيله,F
عسقلاني,M
مزمز,M
علا,M
عبدالمغيث,M
المامون,M
عبدلرشيد,M
لويذ,M
ابنسام,F
اعتدال,F
دماس,M
عزارى,M
منسي,M
انايسمون,F
عمدان,M
بوعذ,M
لوندي,M
عزرى,M
تناغو,M
استطفانوس,M
دونيا,F
حنالله,M
رين,F
سارا,F
سومه,F
تناغي,M
شيلوميز,F
لابان,M
فيفان,F
لبان,M
لظيم,M
لوئيس,F
لورينا,F
بوعز,M
اختيار,M
كنعان,M
نتعي,M
ماقى,F
زخطوط,M
يمن,M
مناسى,M
شروبيم,M
بندي,M
لوريس,M
وسلينه,F
شامل,M
عدلي,M
راوبين,M
يوسق,M
انسيمس,M
اوشام,M
سليدس,M
رحبعام,M
كندى,M
كتكوت,M
مزيد,M
غمرى,M
حناالله,M
رافى,M
بهاج,M
لمبو,M
عدراوى,M
نادير,M
شاول,M
جحرود,M
فيلمون,M
زرعي,M
قسطنجي,M
عذاري,M
نايه,M
بالي,M
محفوض,M
رزقالله,M
شمام,M
شكور,M
ندي,M
عقيلى,M
انا,F
احمدغريب,M
سنبه,F
كاترينه,F
فلتاؤس,M
سانيوس,M
فرمن,M
ميمونه,F
ابوسفين,M
كاتب,M
سوستانيس,M
عبدالمجلي,M
لحظى,M
حفظي,M
متيوس,M
غرباس,M
جورجيه,M
وزيس,M
ورمس,M
فكيوس,M
الويس,M
اغرباس,M
راؤف,M
عبدالمفيد,M
مفيده,F
كلوبا,M
سوارس,M
الوين,M
حارص,M
جبرا,M
فيرلند,F
لوريسا,F
روس,M
مارجو,F
سيجفر,M
يحنس,M
راؤوف,M
روابين,M
اريانوس,M
فضلله,M
لكسان,M
لويد,M
زهجر,M
مبلاد,M
مرقوريوس,M
شكيم,M
دوابه,M
شقالله,M
ازيس,F
مريانس,M
باسيلوس,M
صابور,M
بهجه,F
جمال,F
عبدالهلال,M
جلبي,M
لوزا,M
روماندا,F
مستقيم,M
ازنهور,M
تلب,M
طالع,M
جبا,M
كارتر,M
دفش,M
تلكه,M
حرزالله,M
بسكالي,M
غبره,M
عزاريا,M
ناظير,M
متريوس,M
فيفو,M
خزين,M
مقدسى,M
كلاووس,M
يؤانس,M
دلفى,M
ورد,M
محمدفكرى,M
سكره,F
مارفيل,F
لبس,M
عراندس,M
ياقوت,F
محمدالعشماوى,M
مندي,M
القناوى,M
خلفه,M
العشماوى,M
مجيب,M
كارلوس,M
محمدشعراوى,M
مر,M
برهانى,M
اسيمون,F
اشتياق,F
فرياقص,M
الكس,F
جاكين,F
نعمام,M
جرمين,F
مقابل,M
مبرك,M
مردخان,M
عسله,F
بلاشون,M
توسن,M
ملطي,M
بادى,M
فنتر,M
كيرلص,M
فرانسيس,M
موجود,M
توفيليس,M
يسه,M
ميساك,M
سكله,M
سبالوس,M
لورين,F
امونيوس,M
سان,M
سيرل,M
واسيم,M
مارتيروس,M
ايلاريون,M
ساروفيم,M
عجمي,M
اسكوندس,M
ابشالوم,M
قرقاقص,M
دهمان,M
مقعود,M
ابوزايد,M
قط,M
محمدعباس,M
ابوالمعاطي,M
جمالالدين,M
عشمالله,M
عبدالعاال,M
عرىى,M
ابوزبد,M
معطى,M
بدى,M
عيس,M
خاف,M
تاغى,M
ابوحنين,M
شاهرالدين,M
عبدالخالد,M
نفير,M
بواب,M
المراغنى,M
ميز,F
معبدمرسى,M
محسوب,M
نابيل,M
شلوفه,M
لفيا,F
فيلو,M
قلاديوس,M
خلبل,M
عبدالصانع,M
معبدعبدالمالك,M
منيب,M
عزميه,F
عسوي,M
شعلان,M
رفقى,M
فريجه,M
مأمونى,M
عبداللرشيد,M
استنيس,M
مهيوب,M
معانى,M
سمهان,M
فلفل,M
فكيه,M
سامين,M
زكربا,M
رامونا,F
وهدى,M
وجهى,M
ترتيب,M
رباح,M
وهدان,M
ندين,F
هيسم,M
عبدالمجلى,M
محمدهشام,M
سقاو,M
هدايا,F
معبدابوزيد,M
جميلد,M
عبدالهادئ,M
ريده,F
لاظ,M
شاه,M
عبداللمالك,M
عبدالمطيع,M
عبدالعنى,M
يكر,M
معبدعبدالله,M
حام,M
سيبويه,M
رودينا,F
ساميا,F
ابوجامع,M
فليت,F
احمدالبدوى,M
هان,M
عريف,M
ابوالعنين,M
عقوب,M
اروا,F
عبدالرقيب,M
عبدالمحى,M
تقوه,M
بيه,M
عبدالمغني,M
اّدم,M
فدوه,F
غبدالرحيم,M
منز,M
عاشيرى,M
الملك,M
يهى,M
جوهرى,M
سابق,M
استيفون,M
محمدجميل,M
وسليدس,M
عاطر,M
عبالحميد,M
تيطس,M
زيلون,M
عيدالمنعم,M
عواض,M
طباع,M
معداوى,M
الامبر,M
بهدال,M
الاول,M
سمار,F
فكرات,F
نوهان,F
سائب,M
شامه,F
نوار,F
عطوى,M
تناظر,F
سرتيال,M
كاترن,F
جو,M
زعفان,M
بخيته,F
شحتوت,M
سبيع,M
طوبه,M
بى,M
نقى,M
مشابط,M
قوى,M
حد,F
ثبوت,M
عين,M
سمحه,F
دهانى,M
نعاس,M
منثى,F
نعمات,M
دهماني,M
مفادى,M
مستور,M
جروش,M
ابوه,M
ميفن,F
بهيجى,M
روفيه,M
قتحى,M
رانبا,F
كنى,M
سار,F
ه,M
شاطر,M
مرداشى,M
قبيلى,M
عزه,M
راكان,M
جادالمولي,M
علاالله,M
معز,M
ابوالجبال,M
حجر,M
ابوالحبال,M
اعمارى,M
عيساوى,M
ابوزكايب,M
الختمى,M
محمدجابر,M
زولجى,M
عدروس,M
لؤلى,M
بقيعى,M
شاكيب,M
جاوى,M
كزم,M
عبدالشكؤر,M
عبدالتاغى,M
مبصر,M
فورتنيه,M
حمديه,M
ايلاء,F
جسن,M
عادلى,M
بساط,M
المبى,M
عاشورى,M
حارس,M
شرانى,M
بهيجه,F
عبدالشاكر,M
بهائى,M
احمدحلمى,M
قابيل,M
سهيم,M
مزاج,M
تحسين,M
حجاب,M
زكيه,F
ابوالعرب,M
رضه,M
نحمد,M
اهاب,M
الستار,M
نوناي,M
اغاثون,M
زقلف,M
جمدى,M
هتاء,F
معبدعبدالرازق,M
عامرناجى,M
معبدعلى,M
كايد,M
بياضه,F
جفلان,M
شجيع,M
ساوى,M
نجيم,M
فجرالاسلام,M
عبالمنعم,M
ابوعريبه,M
وريت,M
عبدالرخمن,M
ادريه,F
سلامه,F
عادلي,M
محمودالقاضى,M
عبدالكبير,M
مساوى,M
عطايا,M
زوق,F
سويرى,M
سلوم,F
حمزاء,M
وزيره,F
مشادي,M
ارنس,M
ابوغدير,M
عبدالصليح,M
غرياس,M
لوله,F
ابوالمواهب,M
محمدهانى,M
جهمى,M
هايكن,F
العرينى,M
عبدالحيكم,M
عبدالناجي,M
معاذالعرينى,M
سيداحمد,M
ابراهييم,M
عامرعمده,M
محممود,M
حميحم,M
افيد,M
عدالحميد,M
الحاظ,F
برايا,M
تمنى,F
عبدالماللك,M
حيص,M
بيسم,M
يثا,M
رغدان,M
ريس,M
غرباوي,M
بيرم,M
فتوخ,M
دراملى,M
قرشي,M
سمان,M
رسوم,F
نيازي,M
سامحى,M
نديره,F
رمون,M
عبدالصالح,M
عزتلي,M
ضو,M
جيلاني,M
محمدايمن,M
ابوالاطرش,M
سجا,F
نانى,F
عبدالاول,M
فهممى,M
محمدعبدالرحيم,M
سيفيان,M
امين‏,M
دريه,F
شدوى,F
بقوسي,M
بريكه,M
دمرى,M
عبدالشافى‏,M
النور,M
عيدالباقى,M
زخروف,M
عوام,M
عتاب,F
خيرت,M
ابوعريف,M
عبدالأول,M
سكندس,M
هلاوى,M
عبدالمريد,M
عبدالقادز,M
سيهام,F
شموع,F
عثملن,M
جلاتينه,F
قصيبه,F
لورانس,F
قمحاوى,M
داش,M
عبدالشفى,M
بهنسي,M
نصحي,M
دشت,M
شخلال,M
ابوقاسم,M
علون,M
مخطار,M
عبدالمرتضى,M
عبدالطاهر,M
الباسل,M
عبداللذى,M
الزهيرى,M
ملكى,M
ريلض,M
كرستيان,M
الضاوى,M
عبدالجلي,M
وقاد,M
رجات,F
عبدالحارث,M
حجو,M
ابوريس,M
ابوربى,M
سمبحه,F
ساطان,M
سربانه,M
شرشال,M
ماديو,M
عبدالساتر,M
بريئه,F
دوله,F
ابوحطب,M
ابوسديره,M
بكارى,M
فندي,M
مرزه,M
الياسين,M
مزبون,M
ذاكر,M
فهلوي,M
انطوان,M
ابوراجح,M
صاموئيل,M
فريدى,M
حمدين,M
فهلوى,M
لقى,M
مور,M
باكت,M
مجيده,F
منتصف,M
زراعى,M
بيدق,M
ابومرسي,M
ابواليمن,M
غبدالكريم,M
كرمين,F
رجاه,F
كردى,M
بهجى,M
فيلوبانير,M
تونه,M
وارد,M
دنيا,M
ابوالدرداء,M
عهود,F
نصفى,M
احمدسالم,M
شحرور,M
عبالحكيم,M
عبداللهى,M
شافع,M
مذيون,M
عبدالعالم,M
ملاحظ,M
عزقول,M
بشاير,F
بحيح,M
مجلع,M
مممدوح,M
فجرى,M
عبدالوهيب,M
مصطف,M
سجيع,M
ثنيه,F
عساوي,M
رويدى,M
مغامس,M
فراوله,F
عاصف,M
بمباوى,M
لوثر,M
عبدالجكيم,M
سكت,M
عربي,M
مسلن,M
عبلدالنظير,M
عمرالفاروق,M
راهب,M
ادفاوى,M
ميدو,M
عزقلانى,M
خضرراوى,M
بحيره,M
حبر,M
ارمس,M
قمح,M
عبدالوحد,M
صنع,M
نصوح,M
نديه,F
السدات,M
عقال,M
مزهجر,M
دريدي,M
محمدالكحلاوى,M
عبدالمناف,M
نص,M
شيبا,M
لفظى,M
مديح,M
محمدصبرى,M
ملوك,F
محطاوى,M
داعى,M
السايح,M
ابوالهيجات,M
عسقول,M
عبدالمهين,M
فاكر,M
عممرو,M
مطحطح,M
ابونوير,M
صيفانى,M
اسناد,F
زوق,M
خراشى,M
الظريف,M
عبدالمقتدر,M
عنتره,M
صاري,M
فكره,F
فرعون,M
عبدالبار,M
محمدصفى,M
رواع,M
قريشي,M
غضان,M
سفير,M
تاوفيلس,M
ابونصير,M
مزاد,M
سويحه,M
لاوى,M
زهان,M
عتاب,M
يوافيم,M
حلفايه,M
حلوي,M
سريان,M
مارنيه,F
زعتر,M
محقوظ,M
عبدالموجو,M
صفر,M
نوير,F
زنا,M
عبدالديم,M
محمدالنادى,M
افريم,M
سميرى,M
صيره,M
سباويه,M
سهلى,M
تكال,M
سداروس,M
محمدابوالفتوح,M
محمدزكى,M
جعوير,M
عسيرى,M
عقاد,M
الحافظ,M
صبري,M
زلوم,M
جدام,M
صبرين,F
لميا,F
محمدرجاء,M
خليفى,M
صابات,F
حنونه,F
كفايه,M
طحطاوى,M
السجرى,M
ابوالهلايل,M
اصمعي,M
مدنيه,F
يو,M
سف,M
بح,M
السيدحمدى,M
ذاخر,M
سداروى,M
سدرا,M
ايسر,M
سعد,F
الهنا,M
عبدالخفيظ,M
معبدعلي,M
عبداليديع,M
نتعيه,F
نشأه,M
اللطيف,M
"الكريم
",M
التواب,M
ضايع,M
الظاهر,M
"يحيى
",M
مصطفى حمدى عبدالناصر محمود,M
الحفيظ,M
المقصود,M
"الجليل
",M
"لبيب
",M
محمودمحسن,M
منتهى,F
محمدعبدالباقى,M
ابوبكرايهاب,M
عبدالجابراحمد,M
احمدجمال,M
تعيلب,M
زمزم,M
رضاء,M
عدوي,M
السعدي,M
العدوى,M
لؤا,F
الأزهري,M
الرفاعي,M
زنونى,M
الجبلى,M
التلب,M
هنداوي,M
عقباوى,M
ابوفاخره,M
اهيم,M
فهدى,M
مكايد,M
صديقه,F
متحد,M
عند,F
المنبي,M
شقلوب,M
عربيد,M
مناصير,M
العابد,M
العبدحفنى,M
عقاب,M
تعلب,M
رسيم,M
مشرى,M
غيته,M
نايض,M
بطل,M
الجلفى,M
ابوشليته,M
بسيطه,F
بندور,M
كيشار,M
شجاع,M
توفيقه,F
سوعيد,M
ممبى,M
العمران,M
الخياط,M
منقطنى,M
بشبر,M
محمدمحى,M
الشريعي,M
الشريعى,M
ابوالمعاطى,M
كربم,M
الزيرسالم,M
جدامى,M
السواح,M
روضى,F
الجنيدى,M
الMى,M
تادى,M
افكرين,M
مسرى,M
القاضي,M
ر,F
يهام,M
قبيص,M
رجوى,F
سبله,M
بسيس,M
سمياء,F
السيدالبدوى,M
النابغه,M
الريدي,M
التايب,M
ربيعه,M
محمدنجاتى,M
مرتاح,M
فتاح,M
ابوهوله,M
حتيته,M
انيسمون,F
راوه,F
ابوشوك,M
لوره,F
عبداجواد.,M
سونا,F
ساعى,M
محمدحسانين,M
حاملين,F
صبيح,M
عبدلنبى,M
الضبعى,M
منبر,M
جبيل,M
اشليل,M
رشا,M
النعمان,M
طيف,M
ابوعونه,M
رعد,M
انفراج,F
العبدجوده,M
طاهره,F
اجبالى,M
شليل,M
قرج,M
تلا,M
عوامى,M
ابوالهنا,M
عبودى,M
جلول,M
الطحاوى,M
متيبت,M
النايص,M
معبدضيف,M
عبدالفنى,M
النص,M
بسطاروس,M
جسيكا,F
حمدين,F
روضا,F
سمون,F
شفيف,M
الترهونى,M
هنتش,M
منطاع,M
عشني,M
مطيع,M
مهيدي,M
جاير,M
رمضام,M
مغنينى,M
شرابى,M
قروانى,M
طوغان,M
مسموع,M
توبه,F
شهندا,F
سمرات,M
نورمه,F
حامدعبدالحميد,M
اميه,M
عبداالرحمن,M
ابوشليه,M
عطاء,M
ارضا,M
صوفه,M
دلع,F
الشريم,M
البر,M
بديوى,M
الحسانين,M
مفرج,M
مرغلى,M
الغيث,M
يزل,M
الشحات,M
افكار,F
سغد,M
محمدالهادى,M
شمرول,M
شمردل,M
مسعده,F
العطفي,M
الشارف,M
شردوح,M
الصيفي,M
العشنى,M
دعدوش,M
تماوى,M
الجبالى,M
ذغبى,M
مشاعر,F
مضشاضى,M
داؤد,M
رواق,M
بكار,M
القلا,M
مقيدم,M
البقوشى,M
بسراوى,M
الساكر,M
رويضه,F
الصابر,M
الجالى,M
شمياء,F
الدبولى,M
سهرى,M
امال,M
بيبرس,M
فتوح,F
بيبى,M
معبدعبدالوهاب,M
نمير,M
حنبولى,M
ابوجليل,M
فضيله,F
ملزم,F
ابوعجيزه,M
جبرانى,M
ابوبكرعمران,M
شافى,M
حويل,M
هديله,M
جب,M
عببدالجواد,M
ابوالبهجى,M
عرب,M
فاوى,M
زهدى,M
مايفين,M
راوف,M
اولجا,F
خالى,M
جلورى,F
جوفانا,F
جويسى,F
روشان,F
رونه,F
سامراء,F
سليفيا,F
طيف,F
فانا,F
فكريه,F
شارود,M
مارتى,F
ناسولان,M
مرتكى,M
فاايز,M
ناتلى,F
نزلاوي,M
دان,F
بابونى,M
روزلين,F
الششتاوى,M
لؤنيس,F
بانوى,M
نسائم,F
جياب,M
عبدعبدالغنى,M
كورلس,M
اساعيل,M
رودلف,M
السيدمحمدمكين,M
صفتى,M
بور,M
الماظ,M
ابوصباح,M
المنصور,M
المؤمن,M
بازيد,M
جاسمن,F
القاضى,M
رومانس,M
ستيفانى,F
رفاء,F
ساجده,F
حته,M
العين,M
دهشور,M
محمودعبدالعال,M
ابوالعزائم,M
احمدحسن,M
علمر,M
صباحى,M
دبلع,M
الشفعى,M
غرياني,M
الزيادي,M
محمدحسين,M
بيره,M
عيدالفتاح,M
بسطاويسى,M
الجهمى,M
احيد,M
لوزه,F
القاياتى,M
مغازي,M
ابراء,F
انتسال,F
حفظه,F
حسبالله,M
عدل,F
شكرانى,M
غصوب,M
ااحمد,M
هيبت,F
كرمات,M
معبدالجهمي,M
التهامى,M
وفى,M
شعبا,M
ن,M
محمدانور,M
صاير,M
قوضى,M
جابالله,M
حملى,M
التابعى,M
مجسر,M
كسروى,M
عصوه,M
المقداد,M
جلوى,M
طالح,M
عبدالعظبم,M
مقدم,M
شلوف,M
منجود,M
شعلا,M
عزى,M
الظايط,M
شتا,M
عبدالرحمان,M
صفاءالدين,M
غرزالدين,M
حياة,F
خطوه,M
رفل,F
زاهي,M
منصوره,F
زيادي,M
نجاة,F
سميع,M
هور,M
الدماطى,M
غفاري,M
السيدعثمان,M
القوضى,M
حندله,M
ابواليازيد,M
التوني,M
الزنونى,M
ابوالكرمات,M
الزيادى,M
شاميه,F
شمه,F
القرشى,M
ابرراهيم,M
وجينات,F
ياسمبن,F
عبدالمبدى,M
التعلب,M
انورنعاس,M
جوكندا,F
غفران,F
فكيهه,F
محمدعرابى,M
عنطر,M
الشلقام,M
عطيفه,M
سويرس,M
ابوحمده,M
جيانا,F
الباقي,M
ابوحميده,M
فضالى,M
تفاوي,M
هديوى,M
حيات,F
كثروى,M
ابوغنبمه,M
الوفدى,M
اشواق,F
هنطش,M
ندا,M
السارى,M
زكرا,F
فاخره,M
نشوان,F
بهيدل,M
بطران,M
كرم,F
نورالله,F
زيتون,M
تادورس,M
مبده,M
زاتون,M
الفتح,M
نوفير,M
طلحه,M
القوى,M
رفا,F
ندي,F
عبدالمعنم,M
نحاتى,M
صبور,M
خلافا,M
انيسيمون,F
كرمه,M
بشتلى,M
عبدمجدى,M
العبدكامل,M
ارشاق,M
مارسلينو,M
المتولى,M
ري,M
يسري,M
زاغب,M
ابودكر,M
عببيد,M
شناوي,M
مقاوي,M
اثار,F
شميى,M
تسيمون,F
ميصائيل,M
فورنيا,F
فيرويت,F
فلويز,M
وعد,M
لبن,M
نسيمون,F
ايسم,M
خليصى,M
لياس,M
خرستوس,M
فليفل,M
موندى,M
شويل,M
رينال,M
جلوي,M
الس,F
بلسان,F
رافع,M
ملعب,M
صفطى,M
عيدى,M
نورما,F
ابوالجواد,M
نوبار,M
راجوه,F
منادى,M
مشهندا,F
جدمى,M
رزقين,F
سنده,F
عبدالمهدى,M
كارمن,F
انتصار,M
توسم,M
محدالصغير,M
محمدعنتر,M
محمدفهمى,M
بسينه,F
علباء,F
الدريمى,M
جهام,M
المسلمانى,M
محمدعبدالجواد,M
الجمل,M
محمدكامل,M
احمدجمعه,M
محمدعفت,M
احمدعصام,M
عبدالررحمن,M
السنوسي,M
ابارهيم,M
نزير,M
ميتخطرى,M
السيدذ,M
عبداالوهاب,M
مرهون,M
زامل,M
الهانى,M
حتشبسوت,F
البشتى,M
زيزان,F
لحام,M
قرشلى,M
بشتى,M
ابوريشه,M
الدرى,M
الزنفلى,M
عدالوهاب,M
البهنساوى,M
ابوالمى,M
عبدالرازاق,M
الحلبى,M
ابوطعيمه,M
شلش,M
نجود,F
محموداحمد,M
الكويس,M
ابلاريه,F
راسيلداس,M
هنصر,M
روميل,M
اغمارى,M
شملول,M
قاسى,M
لنقط,M
صلحى,M
عطاف,M
استشهاد,F
امتثال,F
عبدالشواف,M
لولا,F
احمدالشافعى,M
عبدالمول,M
وفقيه,F
كرامات,M
ابوزوبع,M
جاكير,M
مراجي,M
متخطرى,M
ميده,M
سبيق,M
ظروق,M
المرغلى,M
الهوى,M
الربع,M
هديهد,M
ابوعقوله,M
بقوشى,M
الجلوى,M
رمايسه,F
ابوشوق,M
كراميد,M
اصلاح,F
ايـه,F
تفاحه,F
الروبى,M
الساوى,M
مــى,F
جـلال,M
ابوزيــد,M
عصـام,M
فـؤاد,M
يحـى,M
الانقط,M
خص,F
سهليه,F
الدخلى,M
بنى,M
فانيوس,M
الجلى,M
سلموس,M
امالى,M
رفوت,M
منيسي,M
امل,M
وذير,M
ابوطوق,M
ابوالنجف,M
الجارحي,M
الأمير,M
فرانس,M
طرزان,M
السويفى,M
ابوريه,M
ثمان,M
ابوعزيز,M
ضويحى,M
دانيا,F
طبيب,M
بسال,M
سيديوسف,M
سناره,M
مكه,F
نوبى,M
محمدبلاش,M
ابوالعلاه,M
ميرى,M
بيرلى,F
تداوس,M
سمحي,M
هجره,F
الصفتى,M
تدري,M
غنيمى,M
شيخون,M
سماره,M
الدرديري,M
تيام,M
ادولف,M
دبنا,F
دولفرتا,F
ابوالعيدعلى,M
مارو,F
عجيبه,M
مرجريت,F
ابوخضره,M
تلت,M
سيلمان,M
اورمان,M
اندارواس,M
بسله,M
يوئيل,M
السبد,M
بيتى,F
جانا,F
مونيا,F
عهد,M
البراء,M
اسرار,F
ابوالغيث,M
عرام,M
نائل,M
اليون,M
انجلكا,F
باترسيا,F
بفلى,M
ررضا,M
هلاله,F
احمود,M
معمار,M
اروشيد,M
الشوربجى,M
رسلت,M
قصد,M
ابوالعبدعلى,M
العبدابوزيد,M
كليفر,M
عئمان,M
ضمر,M
عبدالرحن,M
ثالوث,M
شزى,F
سواعى,M
تسم,M
طيشه,M
الدرديرى,M
اسوداني,M
عبداللأه,M
الماس,M
حسنى,M
جيزاوى,M
مدني,M
عابدالله,M
عبدالواهاب,M
ابوستيت,M
معتزبالله,M
كسروي,M
العودين,M
هرمس,M
خديوي,M
حُسن,F
حويتى,M
علايلى,M
سوهيله,F
نصيب,F
مغاوري,M
دهروطي,M
الحادى,M
الأخضر,M
معبدعبدالفتاح,M
الكسروي,M
احمدعلى,M
الديوش,M
غزاوي,M
نصرى,M
ذهوه,F
غوديه,F
جورجويس,M
ترك,M
حارث,M
الجدامى,M
عونه,M
قصيى,M
محم,M
تقه,F
خزاعى,M
هاميس,F
يمني,M
حمال,M
فزع,M
شربجى,M
الغرباوى,M
واليد,M
عبدالاعاطى,M
نسناوى,M
سجود,F
نزهه,F
امر,M
الصغيرموسى,M
الاشهب,M
راحيل,M
طاليع,M
الشناوي,M
عبدالتعيم,M
لوهاب,M
معني,M
نويشى,M
معجب,M
العسيوى,M
جملات,F
محمدالهبيل,M
هريره,M
نفوسه,F
راشح,M
ارويده,F
رجا,M
واصفه,F
سعودي,M
دسوفى,M
ابونهار,M
نافذ,M
ابوعامر,M
مناوى,M
جهان,F
طيران,M
شبلى,M
ضاويه,F
مرتم,M
بلهاس,M
محمد-,M
اجلال,F
محروسه,F
شرنوبى,M
مىّ,F
برامل,M
مدنيى,M
عبالوهاب,M
نوها,F
مهندى,M
عطيفي,M
ابوالليف,M
عبد\اللطيف,M
لانا,F
ليشيع,M
اللسيد,M
فرنس,M
شعيشع,M
هايل,M
كرماوى,M
الدلايل,M
مصطقى,M
بديرى,M
بديري,M
ابوالدلايل,M
بالكريم,M
باهيه,F
ابورواش,M
قدوار,M
ذهور,F
وجدان,F
ميهرائيل,F
لمين,M
مجدوب,M
سنى,M
محمدثابت,M
لاجوده,M
ارزيق,M
الفتاح,M
سدن,M
رواش,M
جليدى,M
جليد,M
عيداحمد,M
قيس,M
رفا,M
مجدا,F
ابوحوش,M
غيث,M
هاشيما,M
مسميه,F
حثيثه,M
ابوهشيما,M
كذه,M
باز,M
خلفالله,M
مًعتز,M
بيداء,F
جوليت,F
تدروس,M
لاره,F
مارجيريت,F
خضيري,M
نريمن,F
نهاوند,F
حزيفه,M
رخيص,M
ميلانيه,F
ابوجريده,M
سلم,M
فرنسبس,M
ماريوس,M
يسطس,M
الدامى,M
ميسومه,F
الداتى,M
تيسر,F
ولا,F
قارون,M
سعودات,F
غنى,F
الغريب,M
شرشراوي,M
محرنجى,M
جولييت,F
حدود,F
رها,F
كعبه,F
مرين,F
منتياس,M
شوريف,M
هندرى,M
الا,F
ثروه,F
شلبيني,M
ذينب,F
تيجانى,M
ابوحامد,M
عبالعال,M
نيرمان,F
احمدالحداد,M
ديردير,M
عروج,M
عبدالرووف,M
شتات,M
بخات,M
يكن,M
محمدالدرس,M
حبلى,M
حمصانى,M
عفان,M
محمدكولا,M
حبللي,M
طاب,M
حلاوه,F
الشاطر,M
نلجح,M
اليمني,M
عونيه,M
عبدالمتعم,M
الأء,F
جلود,M
عبدالغتي,M
جبلي,M
شرشراوى,M
حنيفه,M
حميدة,F
ارماني,M
ايلارى,F
سارة,F
سوهيلا,F
عبدالصابرين,M
تعويضه,F
صبحيه,F
تفال,M
نمرى,M
حادى,M
عبدو,M
كاسب,M
باتريسكا,F
جوسيان,F
ماجدا,F
مرنه,F
احمدعادل,M
الغنايم,M
ابوجرابيع,M
اندريا,M
ابوجربيع,M
روماانى,M
تيماثوس,M
اولفت,F
لويفى,M
دحاب,F
دخل,M
بلعاط,M
رويعى,M
الراوي,M
عذت,M
عبدموسى,M
روماني,M
كترينا,F
طويس,M
حراجي,M
ضوي,M
الشربيني,M
هواري,M
ابومرز,M
خليدى,M
حارثه,M
سلاقوس,M
بدالعظيم,M
زهرانه,F
الغني,M
فهيد,M
عاهد,M
شلابي,M
جمعة,M
هادي,M
قويس,M
نظم,M
الشعراوى,M
الديسطي,M
خورشد,M
وفقي,M
دريمى,M
مغيره,M
نفاذه,F
جودة,M
ابوخيشة,M
عبدالموجود,M
حسام,M
ألكيس,M
البركوكي,M
العطار,M
حراز,M
رولان,F
زيد,M
خفاجي,M
مفرح,M
المعين,M
استفانوس,M
خيري,M
مينا,M
نورا,M
ويسا,F
ياسمين,F
حمد,M
صلاح,M
مصباح,M
مرشدى,M
رؤي,F
مريم,F
نعينع,M
يمني,F
سند,M
الجعفرى,M
حميد,M
دمين,F
سيد,F
روان,F
فريدة,F
عبدالرشيد,M
أدهم,M
ميخائيل,M
المطاوى,M
فؤاد,M
محمود,M
كروليس,M
ياسر,M
نجيب,M
كرلس,M
ريم,F
جون,M
فرح,F
جوري,F
نادين,F
نشوى,F
مراد,F
علاء,M
بشرى,F
جودة,M
طاحون,M
تغريد,F
أمنية,F
عشرة,M
الحليم,M
جيلان,F
انطونيوس,M
دعاء,F
الفارسكوري,M
شهد,F
رضوى,F
العزيز,M
الفضالى,M
الدكروري,M
الجمال,M
نورهان,F
شوكت,M
شموتي,M
زكى,M
الجداوي,M
بيتر,M
الحوساني,M
منال,M
النكري,M
ميرا,F
الطراوي,M
باكينام,F
عبدالهادى,M
مرسي,M
الرحمن,M
فرحة,F
الخميسي,M
القط,M
عبدالمطلب,M
بيومي,M
إنجي,F
مشرف,M
محمدين,M
رفقة,F
حجازي,M
ندين,F
قبيصى,M
عبداللاه,M
الشريف,M
حسناء,F
موبا,F
إسماعيل,M
شلبي,M
حياء,F
الرفاعي,M
رغد,F
عبدالدايم,M
تالين,F
ادهم,M
عبدالمنعم,M
امير,M
امنيه,F
سيف,M
الرسول,M
فاروق,M
إيناس,F
الحياة,F
نوران,F
سيرجي,M
مروان,M
بسام,M
ماتا,M
تالين,F
الكليش,M
المطاوي,M
الشناوى,M
أمل,F
لطفي,M
عبدالستار,M
البير,M
عبدالرحيم,M
نوبي,M
التميمي,M
ابوزياده,M
مختار,M
منصور,M
عبدالحميد,M
زغبي,M
موسي,M
عنتر,M
ندي,F
عوبيا,M
جنة,F
يمنى,F
الفضل,M
اياد,M
اسلام,M
حافظ,M
وجنات,F
الحافظ,M
طه,M
الحسين,M
جميل,M
عبدالحافظ,M
الطبي,M
عبدالسميع,M
الخير,M
النصر,M
حمزه,M
صادق,M
البنداري,M
إيفون,F
كورات,M
ساره,F
الصمان,M
صوار,M
ساويرس,M
مهرائيل,F
العباسي,M
الباهي,M
الكيس,M
نوارا,F
ياقوت,M
رمسيس,M
خليل,M
قابيل,M
همام,M
ميلاد,M
حلوجي,M
الصابر,M
حامد,M
شامه,M
مالك,M
مصطفي,M
رافت,M
متولى,M
أريك,F
بسمة,F
مرقس,M
اية,F
الإمام,M
الفاروق,M
فرّاخه,M
مازن,M
ميار,F
يونس,M
خديجة,F
آسيل,F
الشاذلي,M
الشافعى,M
شعبان,M
صبرى,M
راشد,M
بدوي,M
عفيفي,M
توفيق,M
سليم,M
الفرماوى,M
السعودي,M
حفناوي,M
ابو,M
النبوي,M
عبدالحي,M
عبد,M
فائز,M
هيثم,M
نور,F
النهراوي,M
نسيم,M
حسن,M
غرس,F
زغلول,M
كامل,M
آية,F
رضا,M
عريضة,M
اليزيد,M
ناصف,M
هلال,M
رينا,F
هانئ,M
سارة,F
سيد,M
صابر,M
رحاب,F
الحسينى,M
ويفر,M
ريه,F
كيرلس,M
أشرف,M
زكريا,M
صفوت,M
فاتن,F
خاطر,M
العظيم,M
عطيفى,M
امام,M
برتي,F
هدية,F
شلباية,M
مارينا,F
حبيبه,F
حميدة,M
جعفر,M
همس,F
العدل,M
ماجد,M
انتصار,F
النادي,M
شاكر,M
ندى,F
ايمان,F
النبى,M
شلبى,M
منصور,M
ثابت,M
خورشيد,M
زايد,M
هاجور,F
أحمد,M
الرياني,M
جدالله,M
أبوحطب,M
نانسي,F
الطنطاوي,M
السعيدي,M
هيلايل,F
قاعود,M
منيب,M
بشرا,F
حسونه,M
حلواني,M
النبي,M
فيصل,M
الخالق,M
قطب,M
حطاب,M
خلود,F
مونيكا,F
هبة,F
مايكل,M
جاستن,F
قنديل,M
ميران,F
خلف,M
منزاع,M
غفران,F
أنطونيوس,M
فدوى,F
خميس,M
محارم,M
نجدى,F
نسما,F
نعمة,F
هند,F
مريهان,F
الاء,F
زهران,M
أشرقت,F
وهبي,M
أسامة,M
عكاشة,M
أسماء,F
رأفت,M
مروة,F
دوابا,F
حسنين,M
رائد,M
وائل,M
الهريجى,M
احمد,M
سامح,M
مسعد,M
تريزا,F
سليمان,M
مي,F
فريحه,F
عباسي,F
لبيب,M
عباس,M
محيي,M
چويرية,F
ضيف,M
العدوي,M
وسام,F
عبدالمغني,M
عطيفي,M
نهي,F
اداريه,F
أنور,M
صفاء,F
رانيا,F
سلامة,M
الحضري,M
روماني,M
رجب,M
رمضان,M
العجمي,M
عرفة,M
علياء,F
وجيه,M
علي,M
عزيز,M
جامع,M
الحداد,M
عبدالرؤوف,M
هانى,M
خيرالله,M
سجدة,F
حسني,M
البهي,M
أكرم,M
شيرين,F
شيرين,F
رامى,M
الشحي,M
آياد,M
سرحان,M
سيلفانا,F
عادل,M
المقصود,M
مؤيد,M
عسكر,M
فرج,M
امام,M
أندرو,M
ناثان,F
اليزل,M
حجاج,M
مصطفي,M
فريد,M
البرقوقي,M
لينا,F
اخلاد,F
آتا,F
ارساني,M
عبدالحليم,M
يسري,M
وسيم,M
مرسى,M
غريب,M
قال,M
الشراع,M
صباح,F
حمزه,M
المطلب,M
رياض,M
الكومي,M
اصوفي,M
عطيتو,M
الديب,M
السمنتى,M
نمر,M
إبراهيم,M
آدم,M
الجندي,M
روقية,F
عبدالعليم,M
اسحاق,M
الرشيدى,M
عمار,M
المعطي,M
الليثي,M
نسمة,F
سمية,F
رزان,F
عيسي,M
فوزي,M
الفاضل,M
عطيه,M
الله,M
مناح,M
ناصر,M
معاذ,M
الفجية,M
خليفة,M
سلامه,M
عبدالماجد,M
الطيب,M
صديق,M
النزيلى,M
بنداري,M
بدر,M
الجراح,M
قناوي,M
رشا,F
عبدالغفار,M
البدراوي,M
جاد,M
براء,M
معلومات,F
رامون,M
الشرقاوى,M
دانيا,F
يسره,F
الجلاد,M
النجار,M
الدهيمي,M
فريحة,F
عمادالدين,M
الغريب,M
الجريتلي,M
إس,M
الصافي,M
كيريلوس,M
عمارة,M
رجائي,M
شوقى,M
هيبه,M
محب,M
الامام,M
يعقوب,M
جوزفين,F
مسلم,M
حور,F
نمير,F
سمار,M
الرحيم,M
تسنيم,F
أسراء,F
المتولي,M
البردان,M
مبروك,M
ضياء,M
حنا,M
عيسى,M
حامد,M
مؤمن,M
رقية,F
معوض,M
امين,M
يس,M
الخولي,M
عبدالوهاب,M
ابرام,M
الدكر,M
الخواجة,M
زينب,F
كريم,M
سهيلة,F
دارين,F
عزت,M
الزيات,M
سابت,F
منات,F
حماد,M
منيا,F
الوهاب,M
غزالي,M
عبدالله,M
هالة,F
الزهار,M
الليل,M
ذياد,M
ماريو,M
مجاهد,M
حرب,M
ديل,F
عنانى,M
أبوالفتوح,M
إيمان,F
أبوالعلا,M
ناجي,M
فانوس,M
ريتاج,F
محمد,M
مصفى,M
الشركسي,M
فائق,M
هويدي,M
ليان,F
باسين,F
الغني,M
السميس,M
إلهام,F
كارما,F
الفتح,M
حراء,F
مخيمر,M
ابوالنيل,M
دوحة,F
نورالهدى,F
إيهاب,M
بيار,F
ميرنا,F
عبدالرازق,M
فاطمه,F
المالك,M
محيى,M
بسنت,F
ابوعميره,M
مهاب,M
ابوورده,M
مها,F
عماد,M
حسام,M
مرڤت,F
الوقاد,M
تهامي,M
قدري,M
سيام,F
السعود,M
الصاوي,M
بشير,M
يحييي,M
هاجر,F
فتوح,M
مرتضى,M
الحاوي,M
حلمى,M
جابر,M
المنعم,M
مجدي,M
جمانة,F
الشواف,M
علام,M
شبل,M
البرنس,M
يسرا,F
الابحار,M
جبر,M
عبدالفتاح,M
ديفيد,M
هدير,F
الصباغ,M
ادريس,M
رويدا,F
عبداللة,M
المحلمي,M
علي,M
الأزهرى,M
الريَّاني,M
خالد,M
زياد,M
شكر,F
مرزوق,M
اسراء,F
جرجس,M
ونس,F
تسجيل,F
حبيبة,F
يحي,M
جمعة,M
نبيل,M
حبيب,M
الأبيض,M
سراء,F
اسماعيل,M
الحفيظ,M
زين,M
دسوقي,M
نبيه,M
يارا,F
بسمله,F
تيا,F
أدهمي,M
نهال,F
الدين,M
طبانه,M
روبي,F
حنفي,M
فيروز,F
فتحي,M
نظم,F
بسملة,F
هشام,M
حسيب,M
المنجي,M
الحمد,M
رشوان,M
رحمة,F
لمار,F
العوضي,M
نانيس,F
البدوي,M
مبارك,M
محفوظ,M
لارين,F
طوى,F
عبدالونيس,M
الدرينى,M
الأمير,M
يحيي,M
نادي,M
الصفتى,M
سودان,F
السعيد,M
صابري,M
ايفون,F
عطوان,M
مكرم,M
عبدالغني,M
وئام,F
مرعي,M
حنان,F
ظريف,M
أياد,M
أيمن,M
رحمه,F
ردينه,F
فهمي,M
فايد,M
امانى,F
بكير,F
عجمى,M
ساندرا,F
منسى,M
فايز,M
رضوان,M
مرام,F
حمودة,M
الناصر,M
صبا,F
كارم,M
بلال,M
موسى,M
جوزيف,M
منة,F
الهابيت,M
حلمي,M
بحيري,M
لُجين,F
شوقي,M
العجوز,M
السلام,M
الخولي,M
فادي,M
رامي,M
الحسيني,M
التيجاني,M
عبدالصبور,M
يوسف,M
الهابط,M
الجهلان,M
التهامي,M
عبدالخالق,M
ابرهيم,M
شهاب,M
إمام,M
نيفرت,F
الستار,M
عبد الحميد,M
حمدي,M
الازهري,M
العسل,M
مصطفى,M
أبوزهرة,M
امل,F
باسانت,F
الرجال,M
يحي,M
حسانين,M
عصر,F
عالية,F
آمال,F
آمنة,F
آمنة,F
عبير,F
عبير,F
عبلة,F
عبلة,F
أبرار,F
عادلة,F
عفاف,F
عفيفة,F
عفيفة,F
أفنان,F
عفرا,F
أحلام,F
عائشة,F
عائدة,F
عائشة,F
عائشة,F
عائشة,F
عائشة,F
عقيلة,F
آلاء,F
"علياء, عالية, عليّة",F
عليّة,F
"عالية, عليّة",F
عليّة,F
عليّة,F
ألماس,F
علياء,F
أمل,F
أماني,F
أماني,F
آمال,F
"آمنة, أمينة",F
"آمنة, أمينة",F
أميرة,F
أميرة,F
آمنة,F
أنيسة,F
عقيلة,F
أريج,F
أريج,F
أروى,F
أشراقات,F
"آسيا, آسية",F
"أسماء, أسمى",F
"أسماء, أسمى",F
أسرى,F
"آسيا, آسية",F
عاطفة,F
عاتكة,F
عطيّة,F
آية,F
آية,F
عائدة,F
عائشة,F
عائشة,F
عائشة,F
عزيزة,F
عذراء,F
بدر,F
بدرية,F
بدرية,F
بهيّة,F
بهيجة,F
بهيجة,F
بهيّة,F
بلقيس,F
باسمة,F
بصيرة,F
بسمة,F
بتول,F
بشرى,F
بدور,F
بشرى,F
دلال,F
داليا,F
دانا,F
دانية,F
دانية,F
دانية,F
دانية,F
ديمة,F
ديمة,F
دينا,F
جميلة,F
دعاء,F
دعاء,F
دعاء,F
ضحى,F
دنيا,F
إيمان,F
إيناس,F
عصمت,F
إسراء,F
فادية,F
فضيلة,F
فدوى,F
فهيمة,F
فيروز,F
فائزة,F
فجر,F
فخريّة,F
فرح,F
فريحة,F
فرحانة,F
فريدة,F
فريحة,F
فرح,F
فاطمة,F
فاطمة,F
فاتن,F
فتحيّة,F
فاتحة,F
فاطمة,F
فاطمة الزهراء,F
فاطمة,F
فاطمة الزهراء,F
فاتن,F
فاطمة,F
فوزيّة,F
فوزيّة,F
فوزيّة,F
فيروز,F
فائزة,F
فداء,F
فضّة,F
فكريّة,F
فضّة,F
فوزيّة,F
جليلة,F
جميلة,F
جواهر,F
جاذبيّة,F
جاذبيّة,F
غادة,F
غدير,F
غالية,F
غفران,F
حبيبة,F
هديل,F
هديّة,F
هادية,F
هديل,F
"هديّة, هادية",F
هديّة,F
"هديّة, هادية",F
حفصة,F
حفصة,F
حفصة,F
هاجر,F
هاجر,F
هيفاء,F
هاجر,F
حكيمة,F
هالة,F
حليمة,F
حليمة,F
حميدة,F
حميدة,F
هناء,F
هناء,F
حنان,F
حنان,F
هنيّة,F
حنيفة,F
هنيّة,F
هنيّة,F
هنيّة,F
حنّة,F
حنّة,F
حسناء,F
حسناء,F
حواء,F
هيا,F
حياة,F
هيفاء,F
هبة,F
هند,F
هبة,F
حكمة,F
هند,F
هدى,F
هدى,F
هدى,F
حوريّة,F
هدى,F
حميراء,F
حميراء,F
حوريّة,F
حوريّة,F
حسنى,F
حسنية,F
ابتهاج,F
ابتسام,F
إكرام,F
إكرام,F
إلهام,F
إيمان,F
إيمان,F
إيمان,F
إيمان,F
إنعام,F
إنعام,F
إيناس,F
عناية,F
عصمت,F
عصمت,F
إسراء,F
إسراء,F
اعتدال,F
اعتماد,F
ازدهار,F
جليلة,F
جميلة,F
جميلة,F
جميلة,F
جميلة,F
جنان,F
جواهر,F
جودت,F
جاذبيّة,F
جاذبيّة,F
جهاد,F
جهاد,F
جنان,F
جمانة,F
جمانة,F
كاملة,F
كرم,F
كريمة,F
كوثر,F
خديجة,F
خديجة,F
خديجة,F
خالدة,F
خليلة,F
خليلة,F
خولة,F
خيرة,F
خيرات,F
خيريّة,F
خيرة,F
خلد,F
خلد,F
كبرى,F
كلثوم,F
ليلى,F
ليلى,F
لامعة,F
لميس,F
لمياء,F
لطيفة,F
لطيفة,F
لطيفة,F
لواحظ,F
ليان,F
ليلى,F
ليلى,F
ليلى,F
لينا,F
لبنى,F
لجين,F
لؤلؤ,F
مديحة,F
ماجدة,F
مها,F
محبوبة,F
مي,F
ميمونة,F
ماجدة,F
ماجدة,F
ملك,F
مليحة,F
ملكة,F
منال,F
منار,F
مرام,F
مريم,F
مروة,F
مريم,F
مسعودة,F
معصومة,F
ميمونة,F
ميمونة,F
منّة,F
منّة الله,F
مريم,F
مسعودة,F
مدحة,F
منى,F
منى,F
منيرة,F
مبينة,F
محسنة,F
مؤمنة,F
ممتاز,F
منى,F
منورة,F
منيرة,F
منية,F
مسلمة,F
نبيلة,F
ندى,F
ناديّة,F
نادرة,F
ناديّة,F
نضرة,F
ناديّة,F
نعيمة,F
نفيسة,F
نهلة,F
نائلة,F
نعيمة,F
نعيمة,F
نعيمة,F
نجاح,F
نجاة,F
نجيّة,F
نجيبة,F
نجيّة,F
نجلاء,F
نجمة,F
نجوى,F
نجوى,F
نسيم,F
نشوى,F
نسيم,F
نسيمة,F
"ناصرة, نصيرة",F
نسيم,F
نوال,F
نورة,F
نزيهة,F
نظيرة,F
نرمين,F
نسرين,F
نداع,F
نهال,F
نعمة,F
نعمات,F
نهى,F
نور,F
"نورة, نورا",F
"نورة, نورا",F
"نورة, نورا",F
نور,F
"نورة, نورا",F
نهى,F
نور,F
"نورة, نورا",F
نور ال,F
أميمة,F
أمّ,F
قمر,F
رابعة,F
رباب,F
"رابعة, ربيعة",F
"رابعة, ربيعة",F
"رشيدة, راشدة",F
رفيقة,F
رغد,F
رهف,F
راحة,F
رحيمة,F
رحمة,F
رئيسة,F
رجاء,F
رجاء,F
رجية,F
رجية,F
رملة,F
رملة,F
رنا,F
رندة,F
رانية,F
رانية,F
رانية,F
رشا,F
"رشيدة, راشدة",F
راسمة,F
روضة,F
راوية,F
راوية,F
ريّان,F
ريحانة,F
ريّان,F
ريم,F
رحاب,F
رهام,F
رضوانة,F
رحاب,F
رهام,F
ريحانة,F
ريم,F
ريما,F
رضوانة,F
ربى,F
رباب,F
رقيّة,F
رقيّة,F
رشدى,F
رواء,F
رؤية,F
سعادة,F
سعدية,F
صباح,F
صبيحة,F
صبيحة,F
صبريّة,F
صدف,F
سعدية,F
سعدية,F
"صفا, صفاء",F
صفا,F
صفاء,F
صفيّة,F
صفيّة,F
صفيّة,F
صفيّة,F
سحر,F
سعيدة,F
سعيدة,F
سكينة,F
سلامة,F
صالحة,F
صالحة,F
"سليمة, سالمة",F
سلمى,F
سلوى,F
سماء,F
سماء,F
سمر,F
سميرة,F
سامية,F
"سامحة, سميحة",F
ثمينة,F
سميرة,F
سامية,F
سمراء,F
سناء,F
سناء,F
سنيّة,F
سنيّة,F
سارة,F
سارة,F
سودة,F
سوسن,F
سيّدة,F
سليمة,F
شادية,F
شادية,F
شفقة,F
شفيقة,F
شهد,F
شاهدة,F
شهيرة,F
شهلاء,F
شهناز,F
شهرزاد,F
شهرزاد,F
شيماء,F
شيماء,F
شكيلة,F
شاكرة,F
شكورة,F
شمس,F
شمسة,F
شريفة,F
شريفة,F
شيماء,F
شذيّ,F
شيماء,F
شكريّة,F
شكريّة,F
شعلة,F
صدّيقة,F
سهام,F
سميّة,F
سعاد,F
سعاد,F
سعاد,F
سها,F
سهيلة,F
سلطانة,F
سميّة,F
سميّة,F
"ثريّا, ثريّة",F
"ثريّا, ثريّة",F
تبسّم,F
تغريد,F
تغريد,F
طاهرة,F
تاج,F
طالبة,F
تسنيم,F
تسنيم,F
طيّبة,F
ثمينة,F
ثناء,F
"ثريّا, ثريّة",F
"ثريّا, ثريّة",F
طوبى,F
أميمة,F
أمّ,F
أمّ كلثوم,F
عظمى,F
وفاء,F
وفاء,F
وفيّة,F
وحيدة,F
وهيبة,F
وحيدة,F
وردة,F
وردة,F
وسيلة,F
وسيلة,F
وداد,F
وداد,F
يمينة,F
يارا,F
ياسمين,F
ياسمين,F
ياسمينة,F
ياسمين,F
"يسرى, يسرا",F
"يسرى, يسرا",F
زاهرة,F
زاهية,F
زاهدة,F
"ظهيرة, زاهرة",F
زهراء,F
زهرة,F
زهرة,F
زيدة,F
زينة,F
زينب,F
زكيّة,F
زكيّة,F
زكيّة,F
زكيّة,F
ظريفة,F
زينة,F
زينب,F
زينة,F
زينب,F
زهرة,F
زبيدة,F
زبيدة,F
زهرة,F
زليخا,F
زليخا,F
عالي,M
عالية,F
آمال,F
آمنة,F
آمنة,F
عامر,M
عامر,M
آمر,M
عبّاس,M
عبّاس,M
عبد العزيز,M
عبد الفتّاح,M
عبد الغنيّ,M
عبد الهادي,M
عبد الحكيم,M
عبد الحميد,M
عبد الحقّ,M
عبد الإله,M
عبد القادر,M
عبد الكريم,M
عبد الله,M
عبد الله,M
عبد اللطيف,M
عبد المجيد,M
عبد الملك,M
عبد القادر,M
عبد الرحيم,M
عبد الرحمٰن,M
عبد الرشيد,M
عبد السلام,M
عبد الولي,M
عبد الرحيم,M
عبد الرحمٰن,M
عبد الرشيد,M
عبد السلام,M
عبد ال,M
عبد العزيز,M
عبد الفتّاح,M
عبد الغنيّ,M
عبد الحقّ,M
عبد الحكيم,M
عبد الحميد,M
عبد القادر,M
عبد الله,M
عبد اللطيف,M
عبد المجيد,M
عبد الرحيم,M
عبد الرحمٰن,M
عبد السلام,M
عبد السلام,M
عبده,M
عبده,M
عبد ال,M
عبد العزيز,M
عبد العزيز,M
عبد الهادي,M
عبد الحميد,M
عبد الحقّ,M
عبد الله,M
عبد الله,M
عبد الرحمٰن,M
عبد الرحمٰن,M
عبد الرحيم,M
عبد الرحمٰن,M
عبد الرحمٰن,M
عبد الرشيد,M
عبد السلام,M
عبير,F
عبير,F
عبلة,F
عبلة,F
أبو,M
أبرار,F
أبو,M
أبو الفضل,M
أبو بكر,M
أبو الفضل,M
آدم,M
أديب,M
عادل,M
أدهم,M
أديب,M
عادل,M
عادلة,F
عدنان,M
عفاف,F
عفّان,M
عفيف,M
عفيفة,F
عفيفة,F
أفنان,F
عفرا,F
أفضل,M
أغلب,M
أحلام,F
أحمد,M
أحمد,M
أحسن,M
عائشة,F
عائدة,F
أيمن,M
عائشة,F
عائشة,F
عائشة,F
عائشة,F
أكبر,M
عاكف,M
عقيلة,F
أكمل,M
أكرم,F
علاء,M
علاء,M
آلاء,F
علاء الدين,M
علاء الدين,M
عالم,M
الآمر,M
الحسن,M
عليّ,M
عليّ,M
"علياء, عالية, عليّة",F
عليم,M
عليّة,F
"عالية, عليّة",F
عليّة,F
عليّة,F
ألماس,F
علياء,F
أمل,F
أماني,F
أماني,F
عمّار,M
آمال,F
عامر,M
أمين,M
"آمنة, أمينة",F
"آمنة, أمينة",F
أمين,M
أمير,M
أميرة,F
أميرة,F
أمجد,M
عمّار,M
عمّار,M
آمنة,F
عمرو,M
عمرو,M
أنس,M
أنس,M
أنيس,M
أنيسة,F
أنصار,M
أنور,M
أنور,M
عقيل,M
عقيل,M
عقيلة,F
أريج,F
عارف,M
أريج,F
أرشد,M
أروى,F
أسعد,M
أسد,M
أسد الله,M
أصغر,M
أشفاق,M
أشرف,F
أشراقات,F
آصف,M
عاصم,M
"آسيا, آسية",F
"أسماء, أسمى",F
"أسماء, أسمى",F
أسرى,F
"آسيا, آسية",F
عطاء,M
عطا الله,M
عطا الله,M
عاطف,M
عاطف,M
عاطفة,F
عاتكة,F
عطيّة,F
عطوف,M
آية,F
آية,F
عائدة,F
عائشة,F
عائشة,F
أيمن,M
أيّوب,M
عائشة,F
أيّوب,M
أزهر,M
عزيز,M
عزيز,M
عزيزة,F
عذراء,F
بدر,F
بدرية,F
بدرية,F
بهاء,M
بهاء,M
بهيّة,F
بهيجة,F
بهيج,M
بهيجة,F
بهيّة,F
باقي,M
بكر,M
بلقيس,F
بندر,M
باقي,M
باقر,M
براك,M
بركات,M
بشار,M
بشير,M
بشير,M
باسل,M
باسم,M
باسمة,F
بصير,M
بصيرة,F
باسط,M
بسمة,F
بسّام,M
باسم,M
بتول,F
بلال,M
بنيامين,M
بطرس,M
بشرى,F
بولس,M
بطرس,M
براهيم,M
بدور,F
بولس,M
برهان,M
برهان الدين,M
برهان الدين,M
برهان الدين,M
بشرى,F
بطرس,M
دلال,F
داليا,F
دانا,F
دانية,F
دانيال,M
دانية,F
دانية,F
دانيال,M
دانية,F
"داوود, داود",M
"داوود, داود",M
"داوود, داود",M
"داوود, داود",M
ديمة,F
ديمة,F
دينا,F
ضياء,M
جميلة,F
دعاء,F
إدريس,M
دعاء,F
دعاء,F
ضحى,F
دنيا,F
إبراهيم,M
عيسى,M
إيهاب,M
عماد,M
إيمان,F
إيناس,F
عصام,M
إسلام,M
إسماعيل,M
عصمت,F
إسراء,F
عيسى,M
عصام,M
إياد,M
"فضل, فاضل",M
فادي,M
فادية,F
"فاضل, فضيل",M
فضيلة,F
فضل,M
فدوى,F
فهد,M
فهيم,M
"فهيم, فهم",M
فهيمة,F
فيروز,F
فيصل,M
"فائز, فايز",M
فائزة,F
فيصل,M
فجر,F
فخريّ,M
فخريّة,F
فرج,M
فرح,F
فرج,M
فريد,M
فريحة,F
فارس,M
فرحان,M
فرحانة,F
فريد,M
فريدة,F
فريحة,F
فارس,M
فاروق,M
فاروق,M
فرح,F
فاروق,M
فاروق,M
فاطمة,F
فاطمة,F
فاتن,F
فتحيّ,M
فتحيّة,F
فاتح,M
فاتحة,F
فاطمة,F
فاطمة الزهراء,F
فاطمة,F
فاطمة الزهراء,F
فاتن,F
فطين,M
فاطمة,F
فوزيّ,M
فوزيّة,F
فوزيّة,F
فوزيّة,F
"فائز, فايز",M
"فائز, فايز",M
فيروز,F
فيصل,M
فائزة,F
فضل,M
فراس,M
فداء,F
فضّة,F
فهر,M
فكريّ,M
فكريّة,F
فراس,M
فردوس,F
فضّة,F
فؤاد,M
فوزيّة,F
فؤاد,M
فرقان,M
جابر,M
جبر,M
جعفر,M
جلال,M
جليلة,F
جمال,M
جميل,M
جميلة,F
جواهر,F
جودت,M
جاذبيّة,F
جاذبيّة,F
غادة,F
غدير,F
غالب,M
غالية,F
غسّان,M
غيث,M
غازي,M
غفران,F
غلام,M
جودة,M
حامد,M
حبيب,M
حبيبة,F
حبيب الله,M
هديل,F
هادي,M
هديّة,F
هادية,F
هديل,F
"هديّة, هادية",F
هديّة,F
"هديّة, هادية",F
حفيظ,M
حافظ,M
"حافظ, حفيظ",M
حفصة,F
حفصة,F
حفصة,F
هاجر,F
هاجر,F
حيدر,M
حيدر,M
هيفاء,F
هيثم,M
هاجر,F
حاجي,M
حكيم,M
حكيم,M
حكيمة,F
هالة,F
حليم,M
حليمة,F
حليمة,F
حمد,M
حمادة,M
حمدي,M
حامد,M
حميد,M
حميد,M
حامد,M
حميدة,F
حميدة,F
حميد الله,M
حمزة,M
هناء,F
هناء,F
حنان,F
حنان,F
حنيف,M
هانئ,M
هنيّة,F
حنيف,M
حنيفة,F
هنيّة,F
هنيّة,F
هنيّة,F
حنّة,F
حنّة,F
هانئ,M
حارث,M
حارث,M
هارون,M
هارون,M
حسن,M
حسيب,M
هاشم,M
حسيب,M
حاسم,M
حسناء,F
حسناء,F
"حسن, حسّان",M
حاتم,M
حاتم,M
حواء,F
هيا,F
حياة,F
حيدر,M
هيفاء,F
هيثم,M
حازم,M
حازم,M
هبة,F
هادي,M
حلمي,M
هند,F
هشام,M
هبة,F
هشام,M
هداية,M
حكمة,F
هلال,F
حلمي,M
هند,F
هشام,M
هدى,F
هدى,F
حسام,M
حسني,M
حسام,M
هدى,F
حوريّة,F
حسام,M
هدى,F
حميراء,F
حميراء,F
حوريّة,F
حوريّة,F
حسين,M
حسام,M
حسين,M
حسنى,F
حسني,M
حسنية,F
حسين,M
حسين,M
إبراهيم,M
إبراهيم,M
ابتهاج,F
ابتسام,F
إدريس,M
إدريس,M
إيهاب,M
إحسان,M
إكرام,F
إكرام,F
إلهام,F
إلياس,M
إلياس,M
إيمان,F
عماد,M
إمام,M
إيمان,F
إيمان,F
إيمان,F
عمران,M
امتياز,M
امتياز,M
إنعام,F
إنعام,F
إيناس,F
عناية,F
عناية الله,M
إقبال,M
عرفان,M
عيسى,M
عصام,M
عصام,M
إشفاق,M
إسكندر,M
إسلام,M
إسماعيل,M
إسماعيل,M
إسماعيل,M
عصمت,F
عصمت,F
إسراء,F
إسراء,F
عيسى,M
عصام,M
اعتدال,F
اعتماد,F
إياد,M
ازدهار,F
عزّ الدين,M
عزّ الدين,M
عزّ الدين,M
جبّار,M
جابر,M
جبر,M
جبريل,M
جاد,M
جعفر,M
جعفر,M
جعفر,M
جاهد,M
جلال,M
جلال الدين,M
جليل,M
جليلة,F
جمال,M
جمال,M
جمال الدين,M
جمال الدين,M
جمال الدين,M
جميل,M
جميلة,F
جميل,M
جميلة,F
جميلة,F
جميلة,F
جنان,F
جواد,M
جاسم,M
جاسم,M
جواد,M
جواهر,F
جودت,F
جاذبيّة,F
جاذبيّة,F
جهاد,F
جبريل,M
جهاد,F
جيلاني,M
جنان,F
جودة,M
جمعة,M
جمانة,F
جمانة,F
جنيد,M
جنيد,M
قادر,M
قيس,M
كمال,M
كمال الدين,M
كمال الدين,M
"كامل, كمال",M
كامل,M
كاملة,F
كرم,F
كريم,M
كريم,M
كريمة,F
كرّار,M
قاسم,M
كوثر,F
كاظم,M
كاظم,M
خديجة,F
خديجة,F
خديجة,F
خير الدين,M
خالد,M
خليل,M
خالد,M
خالدة,F
خليفة,M
خليل,M
خليلة,F
خليلة,F
خليق,M
خميس,M
خولة,F
خير,M
خيرة,F
خير الدين,M
خيرات,F
خيريّ,M
خيريّة,F
خيّام,M
خيرة,F
خير الدين,M
خلد,F
خلد,F
كبرى,F
كلثوم,F
ليلى,F
ليلى,F
ليث,M
لامعة,F
لميس,F
لمياء,F
لطيفة,F
لطيف,M
لطيفة,F
لطيفة,F
لواحظ,F
ليان,F
ليلى,F
ليث,M
ليلى,F
ليلى,F
لينا,F
لؤيّ,M
لؤيّ,M
لبنى,F
لجين,F
لؤلؤ,F
لطفيّ,M
مالك,M
مديحة,F
ماجدة,F
مجدي,M
مجدي,M
مها,F
محبوب,M
محبوبة,F
مهدي,M
ماهر,M
محفوظ,M
ماهر,M
محمود,M
محمود,M
محمود,M
مي,F
ميمونة,F
مجد,M
ماجدة,F
مجدي,M
ماجد,M
مجيد,M
"مجيد, ماجد",M
ماجدة,F
مكرم,M
ملك,F
مالك,M
مليحة,F
ملك,M
ملكة,F
ممدوح,M
ممدوح,M
مأمون,M
مأمون,M
منال,F
منار,F
منصور,M
منصور,M
منصور,M
مقصود,M
مقصود,M
مرام,F
مريم,F
معروف,M
مروة,F
مروان,M
مريم,F
مسعود,M
مسعود,M
مسعود,M
مسعود,M
مسعودة,F
معصومة,F
ميمونة,F
ميمونة,F
ميثم,M
مازن,M
مدحت,M
مهدي,M
منّة,F
منّة الله,F
مريم,F
مسعود,M
مسعودة,F
مدحة,F
مدحت,F
محمّد,M
ميخائيل,M
معراج,M
ميرزا,M
معتزّ,M
محمّد,M
محمّد,M
محمّد,M
محمّد,M
محسن,M
مختار,M
منى,F
مصطفى,M
معتزّ,M
منى,F
منير,M
منيرة,F
مراد,M
موسى,M
موسى,M
مصطفى,M
معمّر,M
مبارك,M
مبين,M
مبينة,F
مفضّل,M
محمّد,M
محمّد عليّ,M
محمّد,M
مهنّد,M
محسن,M
محسنة,F
مختار,M
مؤمن,M
مؤمنة,F
ممتاز,F
منى,F
منور,F
منورة,F
منير,M
منير,M
منيرة,F
منية,F
مراد,M
مرتضى,M
مرتضى,M
موسى,M
مصعب,M
مسعد,M
مسعد,M
مسلم,M
مسلمة,F
مصطفى,M
مصطفى,M
معتمد,M
معتصم,M
معتصم,M
معتزّ,M
مظفّر,M
ناجي,M
نبيل,M
نبيل,M
نبيلة,F
ندى,F
نديم,M
نادر,M
ناديّة,F
نديم,M
نادر,M
نادرة,F
ناديّة,F
نضرة,F
ناديّة,F
نعيم,M
نعيمة,F
نفيسة,F
نجيّ,M
نجيب,M
نجيب,M
نهلة,F
نايف,M
نائل,M
نائلة,F
نعيم,M
نعيم,M
نعيمة,F
نعيمة,F
نعيمة,F
نجاح,F
نجاة,F
نجيب,M
نجيّ,M
نجيّة,F
نجيب,M
نجيبة,F
نجيب الله,M
نجيّة,F
نجلاء,F
نجم,M
نجمة,F
نجوى,F
نجوى,F
نقي,M
نسيم,F
نصير,M
ناصر,M
نشوى,F
نسيب,M
نسيم,F
نسيمة,F
"ناصر, نصير",M
"ناصرة, نصيرة",F
نصر,M
ناصر,M
نسيم,F
نويد,M
نويد,M
نوال,F
نورة,F
نايف,M
"نذير, نظير",M
نزيه,M
نزيهة,F
ناظم,M
نذير,M
نظير,M
نظيرة,F
نرمين,F
نسرين,F
نداع,F
نضال,M
نهال,F
نعمة,F
نعمات,F
نعمة الله,M
نعمة الله,M
نشاط,F
نزار,M
نهى,F
نور,F
"نورة, نورا",F
"نورة, نورا",F
"نورة, نورا",F
نور,F
"نورة, نورا",F
نور الدين,M
نوح,M
نهى,F
نور,F
"نورة, نورا",F
نور الدين,M
نوري,M
نور الدين,M
نور ال,F
نور الله,M
أميمة,F
عمر,M
عمر,M
عمران,M
أسامة,M
عثمان,M
عثمان,M
وليد,M
أمّ,F
"قادر, قدير",M
قمر,F
قاسم,M
قيس,M
قسمة,M
قصي,M
رابعة,F
رعد,M
رباب,F
ربيع,M
"رابعة, ربيعة",F
"رابعة, ربيعة",F
"رشيد, راشد",M
"رشيدة, راشدة",F
رعد,M
رائد,M
رفيق,M
رفيق,M
رفيقة,F
رغد,F
رهف,F
راحة,F
رحيم,M
رحيم,M
رحيمة,F
رحمة,F
رحمٰن,M
رحمة الله,M
رائد,M
رئيس,M
رئيسة,F
رجاء,F
رجاء,F
رجب,M
رجية,F
رجية,F
رمضان,M
رامي,M
رامز,M
رملة,F
رملة,F
رامي,M
رمزي,M
رنا,F
رندة,F
رانية,F
رانية,F
رانية,F
رؤوف,M
رشا,F
رشاد,M
راشد,M
رشيد,M
"رشيد, راشد",M
"رشيدة, راشدة",F
راسم,M
راسمة,F
رسول,M
رسول,M
رؤوف,M
روضة,F
راوية,F
راوية,F
ريّان,F
ريحانة,F
ريّان,F
رضا,M
ريم,F
رحاب,F
رهام,F
رياض,M
رياض,M
رضا,M
رضا,M
رضوان,M
رضوانة,F
"رفعت, رفعة",M
رحاب,F
رهام,F
ريحانة,F
ريم,F
ريما,F
رضوان,M
رضوانة,F
ربى,F
رباب,F
روح,M
رقيّة,F
رقيّة,F
رشد,M
رشدى,F
رسل,M
رواء,F
رؤية,F
سعد,M
سعد,M
سعادة,F
سعدية,F
صباح,F
صباح الدين,M
صبيحة,F
صابر,M
صبيح,M
صبيحة,F
صابر,M
صبريّ,M
صبريّة,F
سعد,M
صدف,F
صدّام,M
سعدي,M
سعدي,M
سعدية,F
سعدية,F
صادق,M
سعيد,M
"صفا, صفاء",F
صفا,F
صفاء,F
صفيّ,M
صفيّة,F
صفيّة,F
صفيّة,F
صفيّة,F
سحر,F
سعيد,M
سعيد,M
سعيدة,F
سعيدة,F
سيف,M
سيف الدين,M
سيف ال,M
سيف الله,M
ساجد,M
سجّاد,M
صخر,M
سكينة,F
صلاح,M
صلاح الدين,M
صلاح الدين,M
صلاح الدين,M
سلامة,F
سليم,M
صالح,M
سالم,M
صالحة,F
صالح,M
صالحة,F
سليل,M
"سليم, سالم",M
"سليمة, سالمة",F
سلمى,F
سلمان,M
سلوى,F
سماء,F
سماء,F
صمد,M
سمر,F
سمير,M
سميرة,F
سامح,M
سامر,M
سامي,M
"سميع, سامع",M
سامية,F
"سامح, سميح",M
"سامحة, سميحة",F
ثمينة,F
"سمير, سامر",M
سميرة,F
سامية,F
سمراء,F
سناء,F
سناء,F
سنيّ,M
سنيّة,F
سنيّة,F
سارة,F
سارة,F
سعود,M
سودة,F
سوسن,F
سيّد,M
سيف الدين,M
سيف الله,M
سيّد,M
سيّدة,F
سليمة,F
شعبان,M
شادي,M
شادية,F
شادي,M
شادية,F
شفقة,F
شفيق,M
شفيقة,F
شهد,F
شاهد,M
شاهد,M
شهيد,M
شاهدة,F
شاهين,M
شهيرة,F
شهلاء,F
شهناز,F
شهرزاد,F
شهرزاد,F
شهزاد,M
شيماء,F
شيماء,F
شكيل,M
شكيل,M
شكيلة,F
شاكر,M
شاكرة,F
شكور,M
شكورة,F
شاميل,M
شمس,F
شمسة,F
شمس الدين,M
شمس الدين,M
شمس الدين,M
شريف,M
شريعة,M
شريعة,M
شريف,M
شريفة,F
شريفة,F
شوكت,M
شيماء,F
شذيّ,F
شريف,M
شهاب,M
شيماء,F
شكريّ,M
شكريّة,F
شكريّة,F
شعلة,F
صدّيق,M
صدّيقة,F
سهام,F
سنان,M
سميّة,F
سعاد,F
سعاد,F
سعاد,F
سبحان,M
سها,F
سهيل,M
سهيلة,F
سهيل,M
سليمان,M
سليمان,M
سلطان,F
سلطانة,F
سميّة,F
سميّة,F
"ثريّا, ثريّة",F
"ثريّا, ثريّة",F
سعود,M
تبسّم,F
تغريد,F
تغريد,F
طٰهٰ,M
طاهر,M
طاهر,M
طاهرة,F
تحميد,M
تاج,F
طلعت,M
طلعت,M
طلعت,M
طلحة,M
طالب,M
طالبة,F
تامر,M
تمد,M
تامر,M
طارق,M
طارق,M
طارق,M
طارق,M
تسنيم,F
تسنيم,F
توفيق,M
طيّب,M
طيّب,M
طيّبة,F
ثمينة,F
ثامر,M
ثناء,F
"ثريّا, ثريّة",F
"ثريّا, ثريّة",F
توفيق,M
طوبى,F
طفيل,M
تركيّ,M
عمر,M
أميمة,F
أمّ,F
أمّ كلثوم,F
عمران,M
أسامة,M
عثمان,M
عظمى,F
ودود,M
وائل,M
وفاء,F
وفاء,F
وفائي,M
عالي,M
عالية,F
آمنة,F
آمنة,F
عامر,M
عامر,M
آمر,M
عبّاس,M
عبّاس,M
عبد العزيز,M
عبد الحميد,M
عبد القادر,M
عبد الكريم,M
عبد الله,M
عبد اللطيف,M
عبد المجيد,M
عبد الملك,M
عبد القادر,M
عبد الرحيم,M
عبد الرحمٰن,M
عبد الرشيد,M
عبد السلام,M
عبد الولِي,M
عبد الرحيم,M
عبد الرحمٰن,M
عبد الرشيد,M
عبد السلام,M
عبد العزيز,M
عبد الحميد,M
عبد القادر,M
عبد اللطيف,M
عبد المجيد,M
عبد الرحيم,M
عبد الرحمٰن,M
عبد السلام,M
عبد السلام,M
عبده,M
عبد ال,M
عبد العزيز,M
عبد العزيز,M
عبد الحميد,M
عبد الله,M
عبد الله,M
عبد الرحمٰن,M
عبد الرحيم,M
عبد الرحمٰن,M
عبد الرشيد,M
عبد السلام,M
عبلة,F
أبو,M
أبو الفضل,M
أبو بكر,M
أبو الفضل,M
آدم,M
عادل,M
عادل,M
عادلة,F
عدنان,M
عفاف,F
عفّان,M
عفيف,M
عفرا,F
أفضل,M
أحمد,M
أحمد,M
عائشة,F
عائدة,F
أيمن,M
عائشة,F
عائشة,F
عائشة,F
عائشة,F
أكبر,M
"عقيلة, عاقلة",F
أكرم,M
علاء,M
علاء الدين,M
علاء الدين,M
الآمر,M
الحسن,M
عليّ,M
عليّ,M
علياء,F
عليم,M
عليّة,F
عليّة,F
عليّة,F
عليّة,F
علياء,F
أمال,F
أمال,F
أمين,M
"آمنة, أمينة",F
آمنة,F
أمينة,F
أمين,M
أمير,M
أميرة,F
أميرة,F
أمجد,M
عمّار,M
عمّار,M
أمنة,F
أنس,M
أنس,M
أنيس,M
أنيسة,F
انصار,M
أنور,M
أنور,M
"عقيل, عاقل",M
"عقيلة, عاقلة",F
عارف,M
أريج,F
أروى,F
أسعد,M
أسد,M
أشفاق,M
أشراقات,F
أصف,M
عاسم,M
"آسيا, آسية",F
أسمى,F
أسماء,F
أسرى,F
"آسيا, آسية",F
عطاء,M
عطا الله,M
عطا الله,M
عاطف,M
عاطفة,F
عطوف,M
آية,F
آية,F
عائدة,F
عائشة,F
عائشة,F
أيمن,M
أيّوب,M
عائشة,F
أيّوب,M
أزهر,M
عزيز,M
عزيز,M
عزيزة,F
عذراء,F
بهاء,M
بهيجة,F
بهيج,M
بهيجة,F
بهيّة,F
باقي,M
بكر,M
بلقيس,F
باقي,M
باقر,M
باراك,M
باراك,M
بركات,M
بشار,M
باسل,M
باسم,M
باسمة,F
بصير,M
بصيرة,F
باسط,M
بسمة,F
بسّام,M
باسم,M
بتول,F
بلال,M
بنيامين,M
بطرس,M
بولس,M
بطرس,M
براهيم,M
بدور,F
بولس,M
برهان,M
برهان الدين,M
برهان الدين,M
برهان الدين,M
بشرى,F
بطرس,M
دلال,F
داليا,F
دانية,F
دانيال,M
دانية,F
دانيال,M
دانية,F
داود,M
"داود, داوود",M
"داود, داوود",M
ديمة,F
ديمة,F
دينا,F
ضياء,M
جميلة,F
دعاء,F
إبراهيم,M
عيسى,M
إيمان,F
إسماعيل,M
عيسى,M
فادي,M
فادية,F
فاضل,M
فاضلة,F
فضل,M
فهد,M
فهم,M
فهمة,F
فيروز,F
فيصل,M
فائز,M
فائزة,F
فيصل,M
فجر,F
فخريّ,M
فخريّة,F
فرج,M
فرج,M
فريد,M
فرحة,F
فرحان,M
فرحانة,F
فريد,M
فريدة,F
"فريحة, فرحة",F
فارس,M
فاروق,M
فاروق,M
فرح,F
فاروق,M
فاروق,M
فاطمة,F
فاطمة,F
فتحيّ,M
فتحيّة,F
فاتحة,F
فاطمة,F
فاطمة الزهراء,F
فاطمة,F
فاطمة الزهراء,F
فاتن,F
فطين,M
فاطمة,F
فوزيّ,M
فوزيّة,F
فوزيّة,F
فايز,M
فيروز,F
فيصل,M
فائزة,F
فضل,M
فضّة,F
فهر,M
فكريّ,M
فكريّة,F
فضّة,F
فؤاد,M
فؤاد,M
فرقان,M
جابر,M
جبر,M
جعفر,M
جلال,M
جليلة,F
جمال,M
جميل,M
جميلة,F
جاذبيّة,F
جواهر,F
جودت,M
جاذبيّة,F
غادة,F
غدير,F
غالب,M
غالية,F
غسّان,M
غيث,M
غلام,M
جودة,M
حامد,M
حبيب,M
حبيبة,F
حبيب الله,M
عالي,M
عالية,F
آمنة,F
آمنة,F
عامر,M
عامر,M
آمر,M
عبّاس,M
عبّاس,M
عبد العزيز,M
عبد الحميد,M
عبد القادر,M
عبد الكريم,M
عبد الله,M
عبد اللطيف,M
عبد المجيد,M
عبد الملك,M
عبد القادر,M
عبد الرحيم,M
عبد الرحمٰن,M
عبد الرشيد,M
عبد السلام,M
عبد الولِي,M
عبد الرحيم,M
عبد الرحمٰن,M
عبد الرشيد,M
عبد السلام,M
عبد العزيز,M
عبد الحميد,M
عبد القادر,M
عبد اللطيف,M
عبد المجيد,M
عبد الرحيم,M
عبد الرحمٰن,M
عبد السلام,M
عبد السلام,M
عبده,M
عبد ال,M
عبد العزيز,M
عبد العزيز,M
عبد الحميد,M
عبد الله,M
عبد الله,M
عبد الرحمٰن,M
عبد الرحيم,M
عبد الرحمٰن,M
عبد الرشيد,M
عبد السلام,M
عبلة,F
أبو,M
أبو الفضل,M
أبو بكر,M
أبو الفضل,M
آدم,M
عادل,M
عادل,M
عادلة,F
عدنان,M
عفاف,F
عفّان,M
عفيف,M
عفرا,F
أفضل,M
أحمد,M
أحمد,M
عائشة,F
عائدة,F
أيمن,M
عائشة,F
عائشة,F
عائشة,F
عائشة,F
أكبر,M
"عقيلة, عاقلة",F
أكرم,M
علاء,M
علاء الدين,M
علاء الدين,M
الآمر,M
الحسن,M
عليّ,M
عليّ,M
علياء,F
عليم,M
عليّة,F
عليّة,F
عليّة,F
عليّة,F
علياء,F
أمال,F
أمال,F
أمين,M
"آمنة, أمينة",F
آمنة,F
أمينة,F
أمين,M
أمير,M
أميرة,F
أميرة,F
أمجد,M
عمّار,M
عمّار,M
أمنة,F
أنس,M
أنس,M
أنيس,M
أنيسة,F
انصار,M
أنور,M
أنور,M
"عقيل, عاقل",M
"عقيلة, عاقلة",F
عارف,M
أريج,F
أروى,F
أسعد,M
أسد,M
أشفاق,M
أشراقات,F
أصف,M
عاسم,M
"آسيا, آسية",F
أسمى,F
أسماء,F
أسرى,F
"آسيا, آسية",F
عطاء,M
عطا الله,M
عطا الله,M
عاطف,M
عاطفة,F
عطوف,M
آية,F
آية,F
عائدة,F
عائشة,F
عائشة,F
أيمن,M
أيّوب,M
عائشة,F
أيّوب,M
أزهر,M
عزيز,M
عزيز,M
عزيزة,F
عذراء,F
بهاء,M
بهيجة,F
بهيج,M
بهيجة,F
بهيّة,F
باقي,M
بكر,M
بلقيس,F
باقي,M
باقر,M
باراك,M
باراك,M
بركات,M
بشار,M
باسل,M
باسم,M
باسمة,F
بصير,M
بصيرة,F
باسط,M
بسمة,F
بسّام,M
باسم,M
بتول,F
بلال,M
بنيامين,M
بطرس,M
بولس,M
بطرس,M
براهيم,M
بدور,F
بولس,M
برهان,M
برهان الدين,M
برهان الدين,M
برهان الدين,M
بشرى,F
بطرس,M
دلال,F
داليا,F
دانية,F
دانيال,M
دانية,F
دانيال,M
دانية,F
داود,M
"داود, داوود",M
"داود, داوود",M
ديمة,F
ديمة,F
دينا,F
ضياء,M
جميلة,F
دعاء,F
إبراهيم,M
عيسى,M
إيمان,F
إسماعيل,M
عيسى,M
فادي,M
فادية,F
فاضل,M
فاضلة,F
فضل,M
فهد,M
فهم,M
فهمة,F
فيروز,F
فيصل,M
فائز,M
فائزة,F
فيصل,M
فجر,F
فخريّ,M
فخريّة,F
فرج,M
فرج,M
فريد,M
فرحة,F
فرحان,M
فرحانة,F
فريد,M
فريدة,F
"فريحة, فرحة",F
فارس,M
فاروق,M
فاروق,M
فرح,F
فاروق,M
فاروق,M
فاطمة,F
فاطمة,F
فتحيّ,M
فتحيّة,F
فاتحة,F
فاطمة,F
فاطمة الزهراء,F
فاطمة,F
فاطمة الزهراء,F
فاتن,F
فطين,M
فاطمة,F
فوزيّ,M
فوزيّة,F
فوزيّة,F
فايز,M
فيروز,F
فيصل,M
فائزة,F
فضل,M
فضّة,F
فهر,M
فكريّ,M
فكريّة,F
فضّة,F
فؤاد,M
فؤاد,M
فرقان,M
جابر,M
جبر,M
جعفر,M
جلال,M
جليلة,F
جمال,M
جميل,M
جميلة,F
جاذبيّة,F
جواهر,F
جودت,M
جاذبيّة,F
غادة,F
غدير,F
غالب,M
غالية,F
غسّان,M
غيث,M
غلام,M
جودة,M
حامد,M
حبيب,M
حبيبة,F
حبيب الله,M
عالي,M
عالية,F
آمنة,F
آمنة,F
عامر,M
عامر,M
آمر,M
عبّاس,M
عبّاس,M
عبد العزيز,M
عبد الحميد,M
عبد القادر,M
عبد الكريم,M
عبد الله,M
عبد اللطيف,M
عبد المجيد,M
عبد الملك,M
عبد القادر,M
عبد الرحيم,M
عبد الرحمٰن,M
عبد الرشيد,M
عبد السلام,M
عبد الولِي,M
عبد الرحيم,M
عبد الرحمٰن,M
عبد الرشيد,M
عبد السلام,M
عبد العزيز,M
عبد الحميد,M
عبد القادر,M
عبد اللطيف,M
عبد المجيد,M
عبد الرحيم,M
عبد الرحمٰن,M
عبد السلام,M
عبد السلام,M
عبده,M
عبد ال,M
عبد العزيز,M
عبد العزيز,M
عبد الحميد,M
عبد الله,M
عبد الله,M
عبد الرحمٰن,M
عبد الرحيم,M
عبد الرحمٰن,M
عبد الرشيد,M
عبد السلام,M
عبلة,F
أبو,M
أبو الفضل,M
أبو بكر,M
أبو الفضل,M
آدم,M
عادل,M
عادل,M
عادلة,F
عدنان,M
عفاف,F
عفّان,M
عفيف,M
عفرا,F
أفضل,M
أحمد,M
أحمد,M
عائشة,F
عائدة,F
أيمن,M
عائشة,F
عائشة,F
عائشة,F
عائشة,F
أكبر,M
"عقيلة, عاقلة",F
أكرم,M
علاء,M
علاء الدين,M
علاء الدين,M
الآمر,M
الحسن,M
عليّ,M
عليّ,M
علياء,F
عليم,M
عليّة,F
عليّة,F
عليّة,F
عليّة,F
علياء,F
أمال,F
أمال,F
أمين,M
"آمنة, أمينة",F
آمنة,F
أمينة,F
أمين,M
أمير,M
أميرة,F
أميرة,F
أمجد,M
عمّار,M
عمّار,M
أمنة,F
أنس,M
أنس,M
أنيس,M
أنيسة,F
انصار,M
أنور,M
أنور,M
"عقيل, عاقل",M
"عقيلة, عاقلة",F
عارف,M
أريج,F
أروى,F
أسعد,M
أسد,M
أشفاق,M
أشراقات,F
أصف,M
عاسم,M
"آسيا, آسية",F
أسمى,F
أسماء,F
أسرى,F
"آسيا, آسية",F
عطاء,M
عطا الله,M
عطا الله,M
عاطف,M
عاطفة,F
عطوف,M
آية,F
آية,F
عائدة,F
عائشة,F
عائشة,F
أيمن,M
أيّوب,M
عائشة,F
أيّوب,M
أزهر,M
عزيز,M
عزيز,M
عزيزة,F
عذراء,F
بهاء,M
بهيجة,F
بهيج,M
بهيجة,F
بهيّة,F
باقي,M
بكر,M
بلقيس,F
باقي,M
باقر,M
باراك,M
باراك,M
بركات,M
بشار,M
باسل,M
باسم,M
باسمة,F
بصير,M
بصيرة,F
باسط,M
بسمة,F
بسّام,M
باسم,M
بتول,F
بلال,M
بنيامين,M
بطرس,M
بولس,M
بطرس,M
براهيم,M
بدور,F
بولس,M
برهان,M
برهان الدين,M
برهان الدين,M
برهان الدين,M
بشرى,F
بطرس,M
دلال,F
داليا,F
دانية,F
دانيال,M
دانية,F
دانيال,M
دانية,F
داود,M
"داود, داوود",M
"داود, داوود",M
ديمة,F
ديمة,F
دينا,F
ضياء,M
جميلة,F
دعاء,F
إبراهيم,M
عيسى,M
إيمان,F
إسماعيل,M
عيسى,M
فادي,M
فادية,F
فاضل,M
فاضلة,F
فضل,M
فهد,M
فهم,M
فهمة,F
فيروز,F
فيصل,M
فائز,M
فائزة,F
فيصل,M
فجر,F
فخريّ,M
فخريّة,F
فرج,M
فرج,M
فريد,M
فرحة,F
فرحان,M
فرحانة,F
فريد,M
فريدة,F
"فريحة, فرحة",F
فارس,M
فاروق,M
فاروق,M
فرح,F
فاروق,M
فاروق,M
فاطمة,F
فاطمة,F
فتحيّ,M
فتحيّة,F
فاتحة,F
فاطمة,F
فاطمة الزهراء,F
فاطمة,F
فاطمة الزهراء,F
فاتن,F
فطين,M
فاطمة,F
فوزيّ,M
فوزيّة,F
فوزيّة,F
فايز,M
فيروز,F
فيصل,M
فائزة,F
فضل,M
فضّة,F
فهر,M
فكريّ,M
فكريّة,F
فضّة,F
فؤاد,M
فؤاد,M
فرقان,M
جابر,M
جبر,M
جعفر,M
جلال,M
جليلة,F
جمال,M
جميل,M
جميلة,F
جاذبيّة,F
جواهر,F
جودت,M
جاذبيّة,F
غادة,F
غدير,F
غالب,M
غالية,F
غسّان,M
غيث,M
غلام,M
جودة,M
حامد,M
حبيب,M
حبيبة,F
حبيب الله,M
عالي,M
عالية,F
آمنة,F
آمنة,F
عامر,M
عامر,M
آمر,M
عبّاس,M
عبّاس,M
عبد العزيز,M
عبد الحميد,M
عبد القادر,M
عبد الكريم,M
عبد الله,M
عبد اللطيف,M
عبد المجيد,M
عبد الملك,M
عبد القادر,M
عبد الرحيم,M
عبد الرحمٰن,M
عبد الرشيد,M
عبد السلام,M
عبد الولِي,M
عبد الرحيم,M
عبد الرحمٰن,M
عبد الرشيد,M
عبد السلام,M
عبد العزيز,M
عبد الحميد,M
عبد القادر,M
عبد اللطيف,M
عبد المجيد,M
عبد الرحيم,M
عبد الرحمٰن,M
عبد السلام,M
عبد السلام,M
عبده,M
عبد ال,M
عبد العزيز,M
عبد العزيز,M
عبد الحميد,M
عبد الله,M
عبد الله,M
عبد الرحمٰن,M
عبد الرحيم,M
عبد الرحمٰن,M
عبد الرشيد,M
عبد السلام,M
عبلة,F
أبو,M
أبو الفضل,M
أبو بكر,M
أبو الفضل,M
آدم,M
عادل,M
عادل,M
عادلة,F
عدنان,M
عفاف,F
عفّان,M
عفيف,M
عفرا,F
أفضل,M
أحمد,M
أحمد,M
عائشة,F
عائدة,F
أيمن,M
عائشة,F
عائشة,F
عائشة,F
عائشة,F
أكبر,M
"عقيلة, عاقلة",F
أكرم,M
علاء,M
علاء الدين,M
علاء الدين,M
الآمر,M
الحسن,M
عليّ,M
عليّ,M
علياء,F
عليم,M
عليّة,F
عليّة,F
عليّة,F
عليّة,F
علياء,F
أمال,F
أمال,F
أمين,M
"آمنة, أمينة",F
آمنة,F
أمينة,F
أمين,M
أمير,M
أميرة,F
أميرة,F
أمجد,M
عمّار,M
عمّار,M
أمنة,F
أنس,M
أنس,M
أنيس,M
أنيسة,F
انصار,M
أنور,M
أنور,M
"عقيل, عاقل",M
"عقيلة, عاقلة",F
عارف,M
أريج,F
أروى,F
أسعد,M
أسد,M
أشفاق,M
أشراقات,F
أصف,M
عاسم,M
"آسيا, آسية",F
أسمى,F
أسماء,F
أسرى,F
"آسيا, آسية",F
عطاء,M
عطا الله,M
عطا الله,M
عاطف,M
عاطفة,F
عطوف,M
آية,F
آية,F
عائدة,F
عائشة,F
عائشة,F
أيمن,M
أيّوب,M
عائشة,F
أيّوب,M
أزهر,M
عزيز,M
عزيز,M
عزيزة,F
عذراء,F
بهاء,M
بهيجة,F
بهيج,M
بهيجة,F
بهيّة,F
باقي,M
بكر,M
بلقيس,F
باقي,M
باقر,M
باراك,M
باراك,M
بركات,M
بشار,M
باسل,M
باسم,M
باسمة,F
بصير,M
بصيرة,F
باسط,M
بسمة,F
بسّام,M
باسم,M
بتول,F
بلال,M
بنيامين,M
بطرس,M
بولس,M
بطرس,M
براهيم,M
بدور,F
بولس,M
برهان,M
برهان الدين,M
برهان الدين,M
برهان الدين,M
بشرى,F
بطرس,M
دلال,F
داليا,F
دانية,F
دانيال,M
دانية,F
دانيال,M
دانية,F
داود,M
"داود, داوود",M
"داود, داوود",M
ديمة,F
ديمة,F
دينا,F
ضياء,M
جميلة,F
دعاء,F
إبراهيم,M
عيسى,M
إيمان,F
إسماعيل,M
عيسى,M
فادي,M
فادية,F
فاضل,M
فاضلة,F
فضل,M
فهد,M
فهم,M
فهمة,F
فيروز,F
فيصل,M
فائز,M
فائزة,F
فيصل,M
فجر,F
فخريّ,M
فخريّة,F
فرج,M
فرج,M
فريد,M
فرحة,F
فرحان,M
فرحانة,F
فريد,M
فريدة,F
"فريحة, فرحة",F
فارس,M
فاروق,M
فاروق,M
فرح,F
فاروق,M
فاروق,M
فاطمة,F
فاطمة,F
فتحيّ,M
فتحيّة,F
فاتحة,F
فاطمة,F
فاطمة الزهراء,F
فاطمة,F
فاطمة الزهراء,F
فاتن,F
فطين,M
فاطمة,F
فوزيّ,M
فوزيّة,F
فوزيّة,F
فايز,M
فيروز,F
فيصل,M
فائزة,F
فضل,M
فضّة,F
فهر,M
فكريّ,M
فكريّة,F
فضّة,F
فؤاد,M
فؤاد,M
فرقان,M
جابر,M
جبر,M
جعفر,M
جلال,M
جليلة,F
جمال,M
جميل,M
جميلة,F
جاذبيّة,F
جواهر,F
جودت,M
جاذبيّة,F
غادة,F
غدير,F
غالب,M
غالية,F
غسّان,M
غيث,M
غلام,M
جودة,M
حامد,M
حبيب,M
حبيبة,F
حبيب الله,M
آبانوس,M
آبينوس,M
آتا,M
آتبين,M
آتيلا,M
آجَار,M
آدم,M
آذرنگ,M
آرا,M
آراد,M
آراز,M
آراس,M
آراكس,M
آرام,M
آران,M
آرِبْ,M
آرتان,M
آرتين,M
آرج,M
آردين,M
آرسام,M
آرسِن,M
آرش,M
آرشاوير,M
آرمان,M
آرمين,M
آرنگ,M
آريا,M
آريابد,M
آريامن,M
آريان,M
آريانو,M
آرين,M
آريو,M
آزاد,M
آسا,M
آسِر,M
آشا,M
آصال,M
آغا,M
آفَاق,M
آفتابُ الدِّيْن,M
آفِق,M
آلان,M
آلف,M
آماد,M
آمِن,M
آموز,M
آمين,M
آوات,M
آيان,M
آيدين,M
آيين,M
أبَابِيل,M
أبان,M
أَبْدَال,M
أبْدَرٌ,M
أَبْرَج,M
أبْرَق,M
أَبْصَار,M
أبكر,M
أَبْلَج,M
أَبْلَغ,M
أَبْهَج,M
أَبْهَر,M
أَبُوْ الفَضْل,M
أَبُوْ بَكْر,M
أبو فراس,M
أَبِيّ,M
أُبَيّ,M
أَبْيَض,M
أَبْيَن,M
أَثْبَت,M
أثر,M
أثير,M
أَثِيل,M
أَجَاوِيد,M
أَجْمَل,M
أَجْيَد,M
أَحْبَاب,M
أحد,M
أُحُد,M
أَحْسَن,M
أحكم,M
أَحْمَد,M
أَحْمَر,M
أحنف,M
أحْوَس,M
أحيان,M
أخزم,M
أَخَصّ,M
أَخْضَر,M
أَخْطَب,M
أَخْطَف,M
أَخْلاَق,M
أَخْمَد,M
أَخْيَار,M
أدهم,M
أَدْوَم,M
أديان,M
أَذَان,M
أذين,M
أَرْبَد,M
أرحب,M
أَرْحَمْ,M
أرشد,M
أرفع,M
أَرْقَم,M
أريب,M
أُرَيْب,M
أُرَيْبِي,M
أَرِيْج,M
أزْكَى,M
أَزَليّ,M
أَزْهَر,M
أزيان,M
أَسْجَد,M
أَسَد,M
أسرار,M
أَسْعَد,M
أَسْلَم,M
أسمر,M
أَسْيَاف,M
أَشْبَال,M
أشتر,M
أَشْجَع,M
أَشْرَف,M
أَشْعَر,M
أَشْعَل,M
أَشْقَر,M
أَشْمَل,M
أشهب,M
أَشْهُب,M
أَشْهَر,M
أَشْهَم,M
أَشْوَاق,M
أصبح,M
أَصَح,M
أَصْحَاب,M
أَصْغَر,M
أَصْفِيَاء,M
أَصْوَب,M
أَصِيْل,M
أَظْرَف,M
أَظْفَار,M
أظفر,M
أعراف,M
أعز,M
أعظم,M
أَعْلى,M
أغلا,M
أَغْلَب,M
أَفْرَد,M
أَفْسَرُ الدِّيْن,M
أفْصَح,M
أَفْضَال,M
أَفْنَان,M
أقصد,M
أَقْصَى,M
أَقْوَى,M
أَكْبَر,M
أَكْرَم,M
أَكْفَح,M
أَكْمَل,M
أَكْنَان,M
أَكْوَان,M
أكْيَس,M
ألطاف,M
ألطف,M
أَلِيْف,M
أَمَّام,M
أمان,M
أَمْثَل,M
أَمْجَاد,M
أَمْجَد,M
أمد,M
أَمْدَد,M
أمرُ الله,M
أَمْلَس,M
أَمْنَان,M
أَمُوْني,M
أَمْيَال,M
أُمَيْجِد,M
أمير,M
أَمِيْرُ الدِّيْن,M
أَمِيْرِي,M
أُمَيْزار,M
أَمْيَلي,M
أمين,M
أنار,M
أَنْجُد,M
أَنْجُم,M
أَنْدَلُس,M
أَنْدَلُسي,M
أنس,M
أَنِس,M
أَنْسَام,M
أنسب,M
أَنَسي,M
أُنْسِي,M
أَنْصَار,M
أَنْصَاري,M
أَنْعُم,M
أَنعُم الله,M
أَنْفَاس,M
أَنْفَاني,M
أنفة,M
أنمار,M
أنهار,M
أَنْوَار,M
أنوار الدين,M
أنواري,M
أَنْوَر,M
أَنِيْس,M
أُنَيْس,M
أَنِيْق,M
أَهِبُون,M
أَهداف,M
أَهرام,M
أَهيَس,M
أَهْيَم,M
أَوَّاب,M
أوان,M
أَوب,M
أَوْبِيّ,M
أَوْثَل,M
أَوْج,M
أَوْحَد,M
أَوْدَق,M
أَوْرَاق,M
أُوْرْخان,M
أَوْرَد,M
أوسال,M
أَوسَام,M
أَوْسَط,M
أَوْسَن,M
أَوْشَن,M
أَوْفَر,M
أوفى,M
أَوَّل,M
أَوَّلاَن,M
أَوْلَان,M
أَوْلَى,M
أَوْلِيَاء,M
أُوَيْب,M
أُوَيْس,M
أُوَيْسِيّ,M
أيادٍ,M
أيّاد,M
أيّام,M
أَيامِن,M
أيّان,M
أيدٍ,M
أَيْد,M
أَيْدِي,M
أيسر,M
أَيْكُن,M
أيمن,M
أَيُّوْب,M
إبتسام,M
إبحار,M
إبراهيم,M
إِبريز,M
إتقان,M
إجلال,M
إحرام,M
إِحْسَان,M
إحكام,M
إخاء,M
إخلاص,M
إِخْوَان,M
إِدْرِيْس,M
إذعان,M
إسكندر,M
إسلام,M
إِسْمَاعِيْل,M
إِشْرَاق,M
إِشْعَال,M
إصرار,M
إِظْفَار,M
إفراء,M
إِقْبَال,M
إقدام,M
إِقْلِيْم,M
إلحان,M
إِلْيَاس,M
إمام الدين,M
إِمْدَاد,M
إِمْهَال,M
إِنْجِيل,M
إِنْس,M
إنْشَاد,M
إِنْعَام,M
إنعام الحق,M
إنعام الرحمن,M
إِنْهَال,M
إهداف,M
إِهْلَال,M
إياد,M
إِيَاس,M
إِيَّان,M
إِيثَار,M
إِيْدَاع,M
إيراء,M
إِيْضَاح,M
إِيْفَاء,M
إيلاف,M
إِيمَام,M
إِيْنَاس,M
إيهاب,M
إِيهَام,M
إِيْوَاء,M
ئەردەڵان,M
ابْتِهَال,M
اتابك,M
احترام,M
اختر,M
ارباب,M
ارتا,M
ارتبان,M
ارتپان,M
ارتشتار,M
ارتقاء,M
ارته باذ,M
اَرجاسب,M
ارجمند,M
ارخون,M
اردشير,M
اردوان,M
ارژنگ,M
ارسطو,M
ارسلان,M
اَرسَن,M
ارشام,M
ارشامه,M
اَرشان,M
ارشك,M
اَرشيا,M
اركان,M
ارمغان,M
اروند,M
اروين,M
اريز,M
ازل,M
استقلال,M
اسفند,M
اسفنديار,M
اشكان,M
اعْتِزَاز,M
اعتماد,M
افراز,M
افراسياب,M
افزا,M
افشار,M
افشان,M
اُكتاي,M
اكليل,M
البرز,M
الحسن,M
الحُسَيْن,M
اِلشن,M
الوند,M
اليار,M
امانت,M
امتثال,M
امتياز,M
امتيازالدين,M
اميدوار,M
اناست,M
اناقت,M
انبساط,M
انبهاج,M
انتشال,M
انتصار,M
انتظار,M
انتهاء,M
انجاح,M
انجام,M
انجمن,M
انسِجَام,M
انشراف,M
انصاف,M
انفصال,M
انوش,M
انوشه,M
انوشيروان,M
اهواز,M
اوان,M
اورنگ,M
اوژن,M
اَوستا,M
اياز,M
ايرج,M
ايلقار,M
ايلمان,M
ايلياد,M
ايليار,M
باب,M
بابك,M
بَاتِك,M
بَاتِل,M
بَاجِس,M
بَاحِث,M
بَاحُوث,M
بَاخِت,M
باختر,M
بادر,M
بَادِي,M
بادين or بەدین,M
بارام,M
بارخان,M
بارز,M
بَارِزي,M
بَارِق,M
باز,M
بازُ الله,M
بَازِج,M
بَازِر,M
بازغ,M
بَاسِط,M
باسق,M
بَاسِل,M
باسِليّ,M
بَاسِم,M
بَاسِمي,M
بَاسِمِين,M
بَاسِيل,M
بَاشِر,M
باشّو,M
بَاغِش,M
بَاقِر,M
بَاقي,M
بامداد,M
بَانِي,M
بَاهِر,M
باهِرون,M
باهري,M
باهِريَّة,M
باوان,M
بايلول,M
ببر,M
بَتَّال,M
بَثْر,M
بَجْدان,M
بَجْلِيّ,M
بُجُود,M
بُجَيْج,M
بَحّات,M
بحّاث,M
بَحْر,M
بَحْرَ الدِّيْن,M
بَحْرِي,M
بُحُوْر,M
بُحَيْر,M
بُخَاري,M
بخت,M
بختاور,M
"بختاور، بخت آور",M
بختور,M
"بختور، بەختەوەر",M
بَختي,M
بختيار,M
بخش,M
بخشايش,M
بُخُوْر,M
بَخِيت,M
بَدَاح,M
بُداد,M
بَدَّار,M
بِدَار,M
بدايت,M
بَدْر,M
بدر الدين,M
بَدْرَان,M
بَدْرَاوي,M
بَدْرِي,M
بَدْها,M
بُدُوْر,M
بُدُوْل,M
بَدَوِيّ,M
بَدِيْد,M
بُدَيْد,M
بُدَيْر,M
بَدِيْل,M
بُدَيْلِي,M
بَدِيْلَيْن,M
بديه,M
بُدَيْوِي,M
براء,M
بَرّاز,M
بَرَاعِم,M
بَرَّاق,M
براهيم,M
بَرَايِك,M
بَرَج,M
برجا,M
برجيس,M
بَرديا,M
بَرْزَان,M
بُرزان,M
بُرزو,M
بركت,M
بَرمك,M
بُرنا,M
بُرهان,M
برومند,M
بريار,M
بَرِيْق,M
بَرِيك,M
بُرَيْك,M
بزرگ,M
بزرگمهر,M
بُزُور,M
بسام,M
بستان | بوستان,M
بُسْرَاق,M
بسمت,M
بَسُوم,M
بشار,M
بِشارة,M
بشّاش,M
بِشْر,M
بُشْرِيّ,M
بِشْرِيّ,M
بَشْوَان,M
بَشُّوْر,M
بَشْوِيّ,M
بَشِيْر,M
بَشيرُون,M
بَشِيرِيّ,M
بَشِيش,M
بصّار,M
بَصَر,M
بَصِيْر,M
بصيرت,M
بَطَل,M
بقاء,M
بَقْيَان,M
بَكَّار,M
بَكتاش,M
بكر,M
بِكر,M
بُكْران,M
بَكْرون,M
بَكُّور,M
بُكَيْر,M
بَكِيل,M
بَلاغ,M
بلال,M
بُلْبُل,M
بَلُوج,M
بليغ,M
بنّاء,M
بندر,M
بُنْيَان,M
بَها,M
بهاء,M
بَهاء الدين,M
بَهَاة,M
بهامين,M
بهبود,M
بِهتاش,M
بهجت,M
بِهداد,M
بِهراد,M
بهرام,M
بهرخ,M
بِهرنگ,M
بهروز,M
بهزاد,M
بَهْزَر,M
بهسا,M
بِهشاد,M
بهلول,M
بهمن,M
بهنام,M
بَهُوْج,M
بَهُوْر,M
بَهُوش,M
بَهِيّ,M
بهيج,M
بَهِير,M
بَهِين,M
بەهرۆز,M
بەهزاد,M
بَيَان,M
بيجن,M
بَيْطار,M
بَيْهَس,M
بیژن,M
پيوند,M
تائب,M
تابِث,M
تاجدار,M
تَامِر,M
تامور or تأمور,M
تايماز,M
تَبَارَك,M
تِبْر,M
تَبَرُّك,M
تَبْصِير,M
تِبْهَاج,M
تَثْمِير,M
تَجَمُّل,M
تَحْرِير,M
تَحْسِيْن,M
تحميد,M
تَدْبِير,M
تَدْرِيس,M
تُرَاث,M
تَرَاشُد,M
تِرْحَاب,M
تَرْحِيب,M
تَرْخِيم,M
تَرِيم,M
تَزَيُّن,M
تَزْيِين,M
تَسَامُح,M
تَسَاهِير,M
تَسْطِير,M
تَسْكِين,M
تَسْنِيْم,M
تَصَافِي,M
تَصْوِير,M
تطهير,M
تَعَال,M
تَعْزَاز,M
تَغْلِب,M
تفهيم,M
تَقَدُّم,M
تَكريم,M
تَكْليف,M
تلفظ,M
تَمَاثُل,M
تَمَّار,M
تَمَّام,M
تَمَسُّك,M
تمنّى,M
تَمْهِيد,M
تِنْجال,M
تَنْعِيم,M
تَهَانِي,M
تَهْذِيب,M
تَهَنُّد,M
تَوَّاب,M
تَوَاد,M
تَوَاضُع,M
تَوَافِيق,M
تَوانا,M
تَوْحِيْد,M
تَوَدُّد,M
تورج,M
تَوْفِيْق,M
تَوْقَان,M
تَوقُّر,M
تَوَكُّل,M
تَوْكِيْل,M
تُوَيْج,M
تَيْسِير,M
تيمور,M
تَيْهَان,M
ثَائِر,M
ثَابِت,M
ثَاقِب,M
ثَامِر,M
ثَامِل,M
ثَايِب,M
ثَرْدِيّ,M
ثروت,M
ثَعْلب,M
ثُعَيْلب,M
ثُمَامَة,M
ثَمِين,M
ثَوَّاب,M
ثوبان,M
ثَوْرَت,M
ثُوَيْب,M
جَائِد,M
جابِرٌ,M
جَادِر,M
جَار,M
جَارَان,M
جَارِيّ,M
جَازِم,M
جَازُون,M
جَازِي,M
جَاسِر,M
جَاسِم,M
جَالِب,M
جَالِس,M
جَامِل,M
جَانِس,M
جَاهِد,M
جَايِد,M
جَايِش,M
جَبَّاد,M
جَبْر,M
جِبْرَائيل,M
جبران,M
جَبْران,M
جُبران,M
جِبران,M
جبريال,M
جَبْريل,M
جِبْرِيل,M
جَبَل,M
جِبِلَّة,M
جَبُور,M
جُبَيْر,M
جُدّ,M
جَدُود,M
جَدُور,M
جَذَل,M
جَذُوب,M
جَرَام,M
جَرُوم,M
جُرَيْو,M
جَزَاء,M
جَزَّال,M
جَزِيل,M
جَسَّار,M
جُسَام,M
جَسِير,M
جُسَيْر,M
جَعْفَر,M
جَعْفَرَان,M
جَعْفُور,M
جُعَيْفِر,M
جَلْوَان,M
جَلِيّ,M
جَمَال,M
جُمَّال,M
جُمَيْل,M
جَمِيلُو,M
جَمِيلُون,M
جُنَادَة,M
جُنَيْد,M
جَهَّاد,M
جِهَاد,M
جهان,M
جَهْد,M
جُهْد,M
جَوَابِر,M
جواد,M
جوان,M
جوانشير,M
جوانمرد,M
جَوْد,M
جُود,M
جَوْدَت,M
جَوْهَر,M
جُوَيْد,M
جَيِّد,M
چابك,M
چراغ,M
چمن,M
حَائِز,M
حاتِم,M
حَادِر,M
حاذقة,M
حَارِث,M
حَارِثَة,M
حَاسِم,M
حَاسِن,M
حَاصِل,M
حَاصُون,M
حَاضِر,M
حَالِف,M
حَانِن,M
حَايِّي,M
حُبّ,M
حَبَّاب,M
حَبَّان,M
حَبْر,M
حِبْر,M
حَبْرُور,M
حَبَق,M
حَبْقُرّ,M
حُبِيّ,M
حَبِيب,M
حَبِيْبُ الرَّحْمَان,M
حُبَيْبيّ,M
حُبَيْر,M
حَبِيرِيّ,M
حُتَيْم,M
حديث,M
حَذَّار,M
حُذَيْفَة,M
حَرَّاز,M
حَرْز,M
حَرْزَان,M
حَرِيص,M
حَزِيم,M
حُسَام,M
حسان,M
حَسَب,M
حسن,M
حُسْنِي,M
حَسُّون,M
حَسِيس,M
حَسِيم,M
حُسَيْم,M
حسين,M
حَسِين,M
حِشْمَت,M
حَصِيف,M
حَطَّاب,M
حَفَّاظ,M
حَفِيش,M
حُفَيْظ,M
حَفِيل,M
حقّ,M
حَقِيق,M
حِكْمَة,M
حِكْمَت,M
حَكيِمٌ,M
حَلَّام,M
حِلْف,M
حُلْم,M
حِلْمي,M
حَلُوج,M
حَلْيَان,M
حَلِيج,M
حَلِيف,M
حَمَّاد,M
حَمَّادة,M
حَمَّادي,M
حُمَام,M
حِمَايت,M
حَمْد,M
حَمْدَان,M
حَمْدَت,M
حَمْدُون,M
حَمْدِي,M
حَمُّود,M
حَمُّوزة,M
حَمُول,M
حِمَى,M
حَمِيْد,M
حُمَيْد,M
حُمَيْدَان,M
حَمِيْدت,M
حَمِيز,M
حُمِيسُن,M
حَمِيف,M
حَمِيْم,M
حَنان,M
حَنَفِيّ,M
حَنِيف,M
حنين,M
حَوَاريّ,M
حَوَّاس,M
حَوِيس,M
حَيَاة,M
حيّان,M
حَيْدر,M
حَيْدَرُو,M
حَيْرَز,M
حَيْضر,M
حَيِيّ,M
حُيَيّ,M
خاطر,M
خَافِد,M
خَالِدُوْن,M
خَالِدِيْن,M
خالِص,M
خَالُود,M
خالي,M
خَبِيْر,M
خِتام,M
خَدَّام الله,M
خَدِيج,M
خُزَيْمَة,M
خسرو,M
خشايار,M
خشنود,M
خَصَّاب,M
خَصَّال,M
خِصْب,M
خَصِيب,M
خُصَيْب,M
خُصَيْف,M
خِضْر,M
خَضْرَان,M
خَضِير,M
خِطَاب,M
خَطَّار,M
خَطِيب,M
خَطِيْر,M
خُفَاف,M
خُفَيْر,M
خَفِيف,M
خِلال,M
خَلْدَان,M
خَلْدُون,M
خَلْفون,M
خَلُود,M
خَلُوق,M
خُلُوم,M
خَلِيد,M
خُلَيْد,M
خَلِيس,M
خليف,M
خُلَيْف,M
خليفة,M
خُلَيْفة,M
خَلِيفَت,M
خليل,M
خُمْل,M
خَوَاطِر,M
خورشيد,M
خُوْشدِل,M
خُولَد,M
خَوْليّ,M
خُوَيْلد,M
خَيَّار,M
خِيَار,M
خَيَال,M
خَيِّر,M
خَيْرٌ,M
خِير,M
خَير الله,M
خَيْلَد,M
دَؤوب,M
دائب,M
دَائِم,M
دَابِر,M
دادمهر,M
دادور,M
دادوەر,M
دارا,M
داراب,M
دارس,M
داريوش,M
داریا,M
دانا,M
دانش,M
دانشور,M
دَاهِي,M
داود,M
داود or داوود,M
داور,M
دَبِيْر,M
دِرَاس,M
دراك,M
دِرْبَاس,M
دِرْغَام,M
دَرْكان,M
دَرُوج,M
درياب,M
دِرْياس,M
دَرِيب,M
دَرِيق,M
دَستان,M
دَعِيج,M
دَقْر,M
دَقِيْق,M
دل,M
دل آرام,M
دلارا,M
دلاور,M
دلباز,M
دلبر,M
دلدار,M
دلشاد,M
دِلْف,M
دلكش,M
دلنواز,M
دَلْو,M
دَلِيْل,M
دلیر,M
دلێر,M
دَنِير,M
دَهَا,M
دُهاة,M
دَهْبَان,M
دهقان,M
دَهُوس,M
دَوَّاس,M
دوست,M
دَوْلَة,M
دولت,M
دولت ياب,M
دۆست,M
دَيَّار,M
دياكو,M
دِيْب,M
دِيْبَاح,M
ديدار,M
دين,M
دَيِّن,M
دينار,M
ذَاخِر,M
ذَارِيَان,M
ذُرَيْب,M
ذَكاء,M
ذَكَاوَت,M
ذِكْر,M
ذَلِيْق,M
ذَمْر,M
ذِمْر,M
ذَهَانَت,M
ذهن,M
ذهني,M
ذُهْنِيّ,M
ذَهِيْن,M
ذو الاكرام,M
ذو الجلال,M
ذُو الحِجّة,M
ذُو الغَفَّار,M
ذُو الغِنى,M
ذو الفَتْح,M
ذو الفقار,M
ذو القَدْر,M
ذو القَرْنَين,M
ذو الكفل,M
ذو النورين,M
ذُو النون,M
ذو الهِمّة,M
ذوفنون,M
ذوق,M
ذوقي,M
ذي شأن,M
رَؤُوْف,M
رَئِيْس,M
رائد,M
رائف,M
رَابِح,M
رَاجِح,M
راحل,M
راحِم,M
راد,M
رادمان,M
رادمهر,M
رادوین,M
رادین,M
راژان,M
راستین,M
راشد,M
رَاغِب,M
رَاغِبُون,M
رَافِد,M
رافع,M
رافق,M
رامان,M
رامبد,M
رامك,M
رامي,M
راميار,M
رامين,M
رايكا,M
رَبُوح,M
رَبيح,M
رُبَيْح,M
رَتِيق,M
رَجَب,M
رَجْحان,M
رُجْحَان,M
رُحاب,M
رِحاب,M
رحايم,M
رَحْبَة,M
رَحْبَت,M
رَحْمَة الله,M
رَحِيْل,M
رُحَيْل,M
رَحيمٌ,M
رَخْص,M
رَخْوَان,M
رِدْفَان,M
رَدُوه,M
رِدِّيس,M
رَزّان,M
رَزّانِي,M
رُزَم,M
رَزْنِي,M
رَزِيم,M
رَزِيْن,M
رسا,M
رستگار,M
رُستم,M
رُسُل,M
رِسْل,M
رَشَاد,M
رُشْد,M
رشدان,M
رُشْدان,M
رُشَيْد,M
رَصِيْن,M
رضا,M
رضوان,M
رَضْوَان,M
رِفَاعَة,M
رَفّاق,M
رِفَاق,M
رِفْعَت,M
"رَفْعَت، رِفْعَت",M
رِفْقَت,M
رِفْقِي,M
رِفَل,M
رفيع,M
رفيق,M
رَقَّة,M
رِقَّة,M
رُقِيّ,M
رَقْيَان,M
رُقَيْحَان,M
رقيم,M
رُقَيْم,M
رُكْن,M
رَكِيد,M
رَكِين,M
رُكَيْن,M
رَمْز,M
رمزي,M
رَمْلَت,M
رُمَيز,M
رِنَاد,M
رنين,M
رهْد,M
رَهِيف,M
رَوْثن,M
روحان,M
روزبه,M
روفة,M
رُوَيْحم,M
رُوَيْد,M
رُوَيس,M
رُوَيْشِد,M
رُوَيْفِع,M
رُوَيْق,M
رِيَاح,M
رِيَاض,M
ريَّان,M
رَيِّح,M
ريحان,M
رَيِّس,M
زَاكِي,M
زاگرس,M
زال,M
زامل,M
زَاهِد,M
زَاهِر,M
زاهر الحق,M
زاهي,M
زايِد,M
زَايِر,M
زبرين,M
زبيد,M
زَبِيْر,M
زُبَيْر,M
زرآب,M
زرار,M
زرتاش,M
زردشت,M
زرگون,M
زرناب,M
زرياب,M
زريان,M
زرير,M
زرين,M
زَعْتَر,M
زُعَيْب,M
زعيم,M
زَغْلُول,M
زَكَاة,M
زَكَرِيَّا,M
زَكْو,M
زَكْوَان,M
زكيّ,M
زلطان,M
زَلُوج,M
زمان,M
زُمر,M
زميل,M
زُميل,M
زهاء الدين,M
زَهّار,M
زُهْدِيّ,M
زهران,M
زَهْرُون,M
زَهْرِي,M
زَهْل,M
زَهْو,M
زَهُور,M
زَهُون,M
زَهْيَان,M
زَهِيْر,M
زُهَيْر,M
زَهِيل,M
زُهَيْن,M
زوال,M
زَوْرِي,M
زويل,M
زُوَيْهِر,M
زياد,M
زَيَّان,M
زِيان,M
زيد,M
زيدان,M
زَيْن,M
زين العابدين,M
زێوەر,M
ڕۆژبین,M
ڕۆژیار,M
ژوبین,M
سائح,M
سائد,M
سابق,M
سَاجِد,M
سَاحِل,M
سَادَات,M
سَادَاد,M
سَادَان,M
سَارِح,M
سارنگ,M
سارو,M
ساکو,M
سالار,M
سَالِف,M
سالم,M
سَالِي,M
سام,M
سامان,M
سامح,M
سامر,M
سَامِك,M
سَامِي,M
ساميار,M
سامين,M
سانيار,M
سَاهِرٌ,M
ساويز,M
سَايِد,M
سَبَّاق,M
سبلان,M
سبيل,M
سُبَيْل,M
سپنتا,M
سپهدار,M
سپهر,M
سَتّار,M
سَتَل,M
سَجِيد,M
سَخيّ,M
سَدَاد,M
سدرة المنتهى,M
سُدَيْر,M
سُدَيْريّ,M
سُدَيْس,M
سُدَيْن,M
سَرَاب,M
سِرَاج,M
سِرَاج الحَق,M
سِرَاج الدِين,M
سرافراز,M
سَرَّان,M
سَرَّاو,M
سِرْحَان,M
سردار,M
سرفراز,M
سَرور,M
سُروش,M
سَرِي,M
سِرِّير,M
سعد,M
سَعْدَان,M
سَعْدُون,M
سعدي,M
سُعود,M
سَعْي,M
سَعيد,M
سَعِيدان,M
سُعَيْدان,M
سفيان,M
سُفْيان,M
سَفِير,M
سَفِين,M
سُكَّر,M
سُلَّاف,M
سَلامٌ,M
سِلَام,M
سلامة,M
سَلْسَبِيل,M
سُلْطَان,M
سَلُوف,M
سُلُوف,M
سَلُوم,M
سُلْوِيّ,M
سَليس,M
سَلِيط,M
سُلَيْطَان,M
سَلِيف,M
سُلَيْف,M
سليكان,M
سَليم,M
سُلَيْم,M
سُلَيْمَان,M
سَمَاوة,M
سَمَاوِي,M
سَمْح,M
سَمْحَان,M
سَمْحُون,M
سَمْران,M
سُمْران,M
سَمْعَان,M
سُمُوّ,M
سَمُوح,M
سَمُور,M
سَمِيح,M
سُمَيْح,M
سَمِيحيّ,M
سمير,M
سُمير,M
سَمِيْع,M
سميك,M
سناء الدين,M
سِنَان,M
سَنْدَر,M
سَنَن,M
سُنَن,M
سُنُود,M
سَنِّي,M
سُنَيَّان,M
سُنَيْن,M
سِنين,M
سِهَاب,M
سَهْبَل,M
سهراب,M
سَهْل,M
سِهْلَال,M
سهم,M
سَهند,M
سُهَيْد,M
سَهِير,M
سُهَيْر,M
سُهَيْل,M
سهيم,M
سەروەر,M
سَوَاحِل,M
سَواك,M
سَوْدَان,M
سورين,M
سوشیانت,M
سُوَيْح,M
سُوَيْدان,M
سُوَيْدِن,M
سُوَيْف,M
سُوَيْلم,M
سُوَيْم,M
سُوَيْهِر,M
سُوَيْهِل,M
سۆران,M
سِيَاده,M
سِيَاق,M
سيامك,M
سياوش,M
سَيْبَل,M
سَيْتَر,M
سيحان,M
سِيْد,M
سَيِّدَة,M
سَيْدَد,M
سيروان,M
سَيْف,M
سِيف,M
سيف الإسلام,M
سَيْفُ الحق,M
سَيْف الدين,M
سِيكَنْدر,M
سَيَلَان,M
سيماب,M
سِيمَار,M
سينا,M
سِيْنِيْن,M
سیپان,M
شأن,M
شابّ,M
شاپور,M
شادِلي,M
شادمان,M
شَادِي,M
شَارِق,M
شاسوار,M
شَاطِئ,M
شَافِي,M
شَاقِر,M
شَاكِر,M
شَاكِر الله,M
شَاكِرَة,M
شَامِخ,M
شَامِس,M
شامهر,M
شاه,M
شاهباز,M
شاهپور,M
شاهد,M
شَاهِر,M
شاهرخ,M
شاهرود,M
شاهو,M
شايان,M
شَايِف,M
شایگان,M
شَبَّاب,M
شِبْل,M
شَبِيْب,M
شَبِيْر,M
شُجَاع,M
شُجَاعَت,M
شَجَر,M
شَدَّاد,M
شَدَّان,M
شَدِيْد,M
شَرَّاح,M
شَرَف,M
شَرْفان,M
شروان,M
شَرُوف,M
شُرُوق,M
شروين,M
شَرِيف,M
شُرَيْف,M
شَرِيق,M
شُرَيْق,M
شُرَيْم,M
شَطْب,M
شِعَاف,M
شَعَّالة,M
شَعْبَان,M
شَعْلاَن,M
شَعِيف,M
شُعَيْف,M
شَغَّاف,M
شَغْف,M
شِفَاء,M
شِفَاءُ الله,M
شَفَق,M
شَفَقَتُ الله,M
شَفِيّ,M
شَفِيف,M
شَفِيْق,M
شُفَيْق,M
شَقْرُون,M
شَقُور,M
شُقُور,M
شَقِير,M
شُقَير,M
شُقَيْرة,M
شَقِيري,M
شُقَيْري,M
شَكَّار,M
شُكْر,M
شُكْر الله,M
شَكُوْر,M
شکیب,M
شُلَيْخان,M
شَلِيل,M
شَمَّاخ,M
شَمَّام,M
شمس,M
شمس الدين,M
شَمْسَان,M
شَمِيس,M
شَنَّاف,M
شَهَاب,M
شِهَاب,M
شَهَادَة,M
شَهْد,M
شهداد,M
شَهْر,M
شهراد,M
شهرام,M
شهران,M
شهرخ,M
شهرداد,M
شهریار,M
شهسوار,M
شَهْم,M
شهنام,M
شُهُود,M
شَهِيب,M
شُهَيْب,M
شهيد,M
شُهَيْد,M
شَهِيْر,M
شُهَيْر,M
شوَّال,M
شَوَامِخ,M
شَوْر,M
شُورَا,M
شَوَس,M
شَوْقَان,M
شَوْقِي,M
شَوِير,M
شُوَيْر,M
شَوِيف,M
شِيْبَان,M
شَيْدَان,M
شَيِّر,M
شَيِّر عَلِيّ,M
شَيْرَف,M
شَيْل,M
صَائِب,M
صَائِغ,M
صائم,M
صَابِح,M
صَابِر,M
صَابِغ,M
صَابِي,M
صَاحِب,M
صَاحِي,M
صَادِق,M
صَادِقِيْن,M
صارم,M
صَاف,M
صَافِح,M
صَافِين,M
صالح,M
صَالِحان,M
صَالِحين,M
صامت,M
صَامِد,M
صَاوِن,M
صَايِد,M
صِبا,M
صُبَاح,M
صَبَّار,M
صَبَّاغ,M
صِبَاغ,M
صُبْح,M
صُبْحِي,M
صَبْر,M
صَبْري,M
صَبُور,M
صَبُورِي,M
صُبَيَّاح,M
صَبِيْح,M
صُبَيْح,M
صَبِيحِي,M
صَبِير,M
صُبَيْر,M
صَبِيرِي,M
صَحَّابَة,M
صَحَّاح,M
صِحَاح,M
صَحارِي,M
صَحْبَان,M
صُحْبَان,M
صُحْبَانِي,M
صَحْبة,M
صُحْبَة,M
صَحْبِي,M
صَحْوان,M
صَحْوِي,M
صَخْر,M
صَدْقَان,M
صِدْقِيّ,M
صُدُوْر,M
صَدِيق,M
صُدَيْق,M
صِدِّيْق,M
صِرَاط,M
صريم,M
صفوان,M
صَفْوَت,M
صَفُوح,M
صَفِيّ,M
صَفِيّ الدين,M
صَقَّار,M
صَقْر,M
صَقْرُون,M
صَقْرِي,M
صُقَيْب,M
صُقَيْر,M
صَلَاة,M
صَلَاح,M
صَلَاح الدين,M
صَلَاحَان,M
صُلْح,M
صَمَّاد,M
صَمْد,M
صَمْل,M
صَمُود,M
صُمُود,M
صِنْديد,M
صِنْوَان,M
صَنُوْبر,M
صُهَيْب,M
صُهَيْبُون,M
صُوَار,M
صَوَّان,M
صُوفان,M
صَوَلَان,M
صَوْنِيّ,M
صُوَيْبِح,M
صُوَيْبِر,M
صُوَيْلِح,M
صِيَام,M
صَيْف,M
ضَائِف,M
ضَارِب,M
ضامن,M
ضَايِف,M
ضَبُوْر,M
ضَحُوك,M
ضَحْيَان,M
ضرار,M
ضرغم,M
ضَرِيْب,M
ضُرَيْب,M
ضَمَائِر,M
ضمير,M
ضوء فشان,M
ضوريز,M
ضومير,M
ضياء الدين,M
ضِيَاء الدين,M
ضَيْف الله,M
طَائِف,M
طارق,M
طاسين,M
طَالِب,M
طَالِب الله,M
طَامِي,M
طاهر,M
طَاوُس,M
طَايِل,M
طِبَاق,M
طَرُوق,M
طَرِيف,M
طِرْيم,M
طَفَاف,M
طَفَلِي,M
طَفْلِي,M
طُفَيْل,M
طَلَاب,M
طُلَّاب,M
طَلَّال,M
طِلَال,M
طَلَب,M
طَلْحَة,M
طلعت,M
طُمَيْم,M
طه,M
طَوَاف,M
طُوفَان,M
طَوْل,M
طَوْلَان,M
طَوِيل,M
طُوَيْلِب,M
طَيِّب,M
طِيب,M
ظافر,M
ظَبيّ,M
ظرافت,M
ظَرِيْف,M
ظفر,M
ظَفَر,M
ظَفَر الدين,M
ظفير,M
ظل,M
ظل إلهي,M
ظل الله,M
ظل يزدان,M
ظِلال,M
ظُهْر,M
عَائِدون,M
عائض,M
عاالمگیر,M
عَابِد,M
عَابِدُ الله,M
عَابِدَيْن,M
عَابِدِيْن,M
عَابِر,M
عَابِس,M
عَاتِق,M
عاتك,M
عَاتِك,M
عَادِل,M
عارِش,M
عارض,M
عَازِل,M
عَازِم,M
عاشِق,M
عاصف,M
عاصم,M
عَاطِف,M
عاطي,M
عَاف,M
عَافِيْن,M
عَاقِل,M
عَاكِف,M
عاكي,M
عَالَم,M
عَالِم,M
عالم گیر,M
عَالِي,M
عَامِر,M
عامري,M
عامل,M
عاهد,M
عاهن,M
"عَايِد، عَائِد",M
عَايِش,M
عَايِض,M
عَايِق,M
عَبَّاد,M
عُبَّاد,M
عِباد,M
عِبَادُ الله,M
عُبَادة,M
عِبَادة,M
عَبَّاس,M
عَبْدُ الآخِر,M
عبد الأحد,M
عَبْدُ الأَعْلَى,M
عَبْدُ الأَوَّل,M
عَبْدُ الإِله,M
عَبْدُ البَاري,M
عَبْدُ البَاسِط,M
عَبْدُ البَاطِن,M
عَبْدُ البِرّ,M
عَبْدُ البَصِيْر,M
عَبْدُ التَّوَّاب,M
عَبْدُ الجَبَار,M
عَبْدُ الجليل,M
عَبْدُ الجَمِيْل,M
عَبْدُ الحَافِظ,M
عَبْدُ الحَسِيْب,M
عَبْدُ الحَفِيّ,M
عَبْدُ الحَفِيْظ,M
عبد الحق,M
عَبْدُ الحَكَم,M
عَبْدُ الحَكِيْم,M
عَبْدُ الحَلِيْم,M
عَبْدُ الحيّ,M
عَبْدُ الخالق,M
عَبْدُ الخَبِيْر,M
عَبْدُ الخَلاَّق,M
عَبْدُ الرَّؤُوْف,M
عَبْدُ الرَّب,M
عَبْدُ الرَّحْمَن,M
عَبْدُ الرَّحِيْم,M
عَبْدُ الرَّزَاق,M
عَبْدُ الرَّقِيْب,M
عبد السلام,M
عَبْدُ السَّمِيْع,M
عَبْدُ الشَّكُوْر,M
عِبْدُ الشَّهِيْد,M
عَبْدُ الصَّمَد,M
عَبْدُ الظَّاهِر,M
عَبْدُ العَزِيْز,M
عَبْدُ العَظِيْم,M
عَبْدُ العَفُوّ,M
عَبْدُ العَلِيْم,M
عَبْدُ الغَفَّار,M
عَبْدُ الفَتَّاح,M
عَبْد القَادِر,M
عَبْدُ القَادِر,M
عَبْدُ القَاهِر,M
عبد القدوس,M
عَبْدُ القَرِيْب,M
عَبْد القَوِيّ,M
عَبْدُ القَوِيّ,M
عَبْدُ القَيُّوْم,M
عَبْدُ الكَبِيْر,M
عَبْدُ الكَرِيْم,M
عَبْدُ اللَطِيْف,M
عَبْدُ الله,M
عَبْدُ المَالِك,M
عَبْدُ المُبِيْن,M
عَبْدُ المُتَعَال,M
عَبْدُ المُتَعالي,M
عَبْدُ المَتِيْن,M
عَبْدُ المُجِيْب,M
عَبْدُ المَجِيْد,M
عَبْدُ المُحِيْط,M
عبد المصور,M
عَبْدُ المُقْتَدِر,M
عَبْدُ المُقَدِّم,M
عَبْدُ المُقِيْت,M
عَبْدُ المَلِيْك,M
عَبْدُ المَنَّان,M
عَبْدُ المُهَيْمِن,M
عَبْدُ المَوْلَى,M
عَبْدُ النَّصِيْر,M
عبد الهادي,M
عَبْدُ الوَاحِد,M
عَبْدُ الوَارِث,M
عَبْدُ الوَدُوْد,M
عِبْدُ الوَكِيْل,M
عِبْدُ الوَلِيّ,M
عَبْدُ الوَهَّاب,M
عَبْدُ حَمِيْد,M
عَبْدُ غَفُوْر,M
عَبْدُ غَنِيّ,M
عَبْدَة,M
عَبْقَر,M
عَبْو,M
عَبْوَان,M
عَبُّوْد,M
عَبُودة,M
عَبُّودِيّ,M
عَبُّودين,M
عَبِيد,M
عُبَيْد,M
عُبَيْدُ الله,M
عَتِيْق,M
عُتَيْق,M
عُتَيْك,M
عُثْمان,M
عُجَاب,M
عَجَب,M
عَجَم,M
عَجْمِي,M
عَجِيب,M
عَجِيْل,M
عَدَّال,M
عَدَالَت,M
عَدْر,M
عَدْل,M
عَدْلان,M
عَدْلِيّ,M
عَدْنَان,M
عُدَيّ,M
عَدِيْل,M
عُدَيْل,M
عُدينة,M
عَذْب,M
عَذْبَان,M
عَذِيب,M
عُذَيْب,M
عُرَّاب,M
عَرَابيّ,M
عَرَار,M
عِرَاق,M
عَرْبان,M
عَرْدس,M
عَرْش,M
عَرْشَان,M
عَرْض,M
عُرْض,M
عَرْف,M
عرفان,M
عَرْفَان,M
عِرْماس,M
عَرَنْدَس,M
عُروة,M
عَرُوْف,M
عريش,M
عَرِيْف,M
عُرَيْف,M
عَرِيْق,M
عِزّ الدِّين,M
عَزَّام,M
عَزَّامِي,M
عزّان,M
عَزَّت,M
عِزَّتْ,M
عَزْم,M
عزمي,M
عَزُوم,M
عُزَيْر,M
عزيز,M
عُزَيْز,M
عَسْكَر,M
عَشِيْق,M
عَصَّاب,M
عِصام,M
عَصْفُوْر,M
عُصيم,M
عِضَاد,M
عَطَاء,M
عطاء الرحمن,M
عطاء الله,M
عَطَّار,M
عَطَّاف,M
عَطْف,M
عَطْفَت,M
عَطُوْف,M
عَطِيب,M
عُطِيب,M
عَطِيْر,M
عُطَيْف,M
عَظْمَتْ,M
عَظِيْم,M
عفّان,M
عِفَّت,M
عُفَيْر,M
عفيف,M
عَقْرَب,M
عَقْل,M
عَقْلَان,M
عِقْيان,M
عَقِيْب,M
عَقِيْد,M
عَقِيْق,M
عَقِيْل,M
عكرمة,M
عِكْرِمَة,M
عَلاء,M
عَلاء الدِيْن,M
علاقت,M
عَلَّام,M
عَلَّامة,M
علامت,M
عِلان,M
عِلْم,M
عليّ,M
عليان,M
عِلْيَة,M
عَلِيْم,M
عماد,M
عماد الدين,M
عمّار,M
عمارة,M
عِمارة,M
عَمَّان,M
عُمر,M
عمران,M
عُمْرَة,M
عمرو,M
عَمِيْد,M
عُمير,M
عُمَيْرِيّ,M
عِنَب,M
عَنْبَس,M
عَنْتَر,M
عندليب,M
عَنُوش,M
عَهْدَوِيّ,M
عُهْدَويّ,M
عَهْدِيّ,M
عُهَيْد,M
عَوَاثِم,M
عَوَاد,M
عَوّاد,M
عَوَادِل,M
عَوَادِليّ,M
عَوَادِنيّ,M
عَوَادِيّ,M
عَوّاض,M
عَوَاطِف,M
عَوّاك,M
عَوَّام,M
عَوَامِر,M
عَوَامِريّ,M
عَوَامِل,M
عَوَانِي,M
عَوَايد,M
عَوْد,M
عِوَض الله,M
عِوَضِيّ,M
عَوْمَانِي,M
عَوْمَر,M
عَوْمَرِيّ,M
عَوْن,M
عَوْنِيّ,M
عُوَيْض,M
عُوَيْم,M
عويمر,M
عُوَيْن,M
عِيَاديّ,M
عَيَّاش,M
عَيَّاشِي,M
عِيَاضي,M
عَيّان,M
عِيْد,M
عيدان,M
عَيْدَرُوْس,M
عَيْدَرُوْسِي,M
عِيْدِيّ,M
عِيْسَا,M
عِيْسُوْن,M
عِيْسُوْنِي,M
عَيْش,M
عَين,M
عَيْنَان,M
غَادِف,M
غَادِيّ,M
غَازِي,M
غَاسِن,M
غَاسِني,M
غَافِر,M
غَافرِي,M
غَالِب,M
غَالِبِي,M
غَالِي,M
غَامِديّ,M
غَامِق,M
غَانِم,M
غَانِميّ,M
غايت,M
غَايِد,M
غَثْلاَن,M
غَدْفَان,M
غَدِير,M
غُرّ,M
غَرَّاس,M
غَرَام,M
غَرَب,M
غُرَّة,M
غَرْسَان,M
غَرِيْب,M
غُرَيْب,M
غَرِيْبِيّ,M
غَرِير,M
غُرَيْس,M
غَرِيس الله,M
غَزْنِيّ,M
غَزْوَان,M
غَزِيْر,M
غَسَاسِني,M
غَسَّان,M
غَسّانِي,M
غَشَرَّب,M
غَضَنْفَر,M
غَضَنْفَرِيّ,M
غَضِيَّت,M
غَفَّارِي,M
غَفْر,M
غُفْران,M
غَفُوْر,M
غَفُورِيّ,M
غَلَّاب,M
غُلَام,M
غِمْد,M
غُمَر,M
غُمَيْر,M
غَنُوم,M
غَنيّ,M
غَنْيَان,M
غَنِيْم,M
غَوَالب,M
غَوْث الدين,M
غَيَّاث,M
غَيْث,M
غَيْث الله,M
غَيْدَان,M
غَيْلم,M
غَيْلُوم,M
غَيُور,M
فُؤاد,M
فائز,M
فائق,M
فَابِل,M
فَاتِح,M
فَاتِحِيّ,M
فَاحِص,M
فَاخِر,M
فَادِي,M
فَارِح,M
فَارِس,M
فَارِق,M
فَارُوْق,M
فَاضِل,M
فَالِح,M
فَالِحِيّ,M
فَاهِم,M
فَاوز,M
فَايِد,M
فَتَّاح,M
فَتْح,M
فَتْح الدين,M
فَتْح الله,M
فَتْحَان,M
فَتْحِيّ,M
فَتّوح,M
فُتُوح,M
فُتَيْح,M
فَجْر,M
فَجْر الإسلام,M
فَجْر الدين,M
فَخْر,M
فَخْر الدِّيْن,M
فخرجهان,M
فَخْرِيّ,M
فُرَات,M
فَرَّاج,M
فَرّاد,M
فراز,M
فِرَاس,M
فراست,M
فرامرز,M
فَربد,M
فَربود,M
فَرتاش,M
فِرْتَان,M
فَرَج,M
فَرَج الدين,M
فَرَج الله,M
فَرجاد,M
فَرجام,M
فرحات,M
فَرَحات,M
فَرحان,M
فَرْحة الله,M
فَرْحى,M
فَرْحيّان,M
فرحين,M
فرخ,M
فرّخ,M
فرّخزاد,M
فَرداد,M
فردان,M
فَرْدون,M
فَرْدَين,M
فرزاد,M
فرزام,M
فرزان,M
فرزدق,M
فرزين,M
فَرساد,M
فرشاد,M
فرشيد,M
فُرْصَت,M
فَرْمَان,M
فَرْمَان الله,M
فَرناد,M
فَرنام,M
فَرنود,M
فرهاد,M
فِرْهَاد,M
فَرهام,M
فَرِهان,M
فَرهمند,M
فَرْهند,M
فرهنگ,M
فُرْهُود,M
فِرْوَاد,M
فَرْوَان,M
فَرْوَة,M
فروتن,M
فَرُّوح,M
فَرُود,M
فُرود,M
فُرُود,M
فروردين,M
فروهر,M
فَريار,M
فِرْيَال,M
فريبرز,M
فُرَيْج,M
فَرِيْد,M
فَرِيْق,M
فريمان,M
فريور,M
فَصِيح,M
فَضْل,M
فُضَّل,M
فَضْل الدين,M
فَضْل الرحمان,M
فَضْل الله,M
فَضْليّ,M
فِضِّي,M
فَضِيل,M
فُضَيْل,M
فُضَيْلان,M
فَطْنان,M
فَطِيم,M
فُطَيْم,M
فَطِين,M
فُطَيْن,M
فَعْلَان,M
فَقِيْه,M
فِكْر,M
فِكْرَت,M
فِكْرِي,M
فَلاَح,M
فَلَّاح,M
فَلَق,M
فَلَك,M
فَلُوح,M
فَليح,M
فُلَيْح,M
فُلَيْحان,M
فَنّان,M
فَهّام,M
فَهْد,M
فَهْد الدين,M
فَهْد الله,M
فَهْدِي,M
فَهْم,M
فَهْمَاوِي,M
فَهْمت,M
فَهْمُون,M
فَهْميّ,M
فُهَيْد,M
فهيم,M
فُهَيْم,M
فَوَائد,M
فَوّاز,M
فَوْز,M
فوزان,M
فيّاض,M
فَيْتَح,M
فَيْح,M
فَيْحان,M
فيروز,M
فَيْصَل,M
فَيْض,M
فَيْض الرحمن,M
فَيْض الله,M
فيضان,M
فَيْضيّ,M
فَيْهميّ,M
قَائِد,M
قابس,M
قَابِل,M
قَادِر,M
قَادِم,M
قَادمِيّ,M
قَارِئ,M
قَاسِم,M
قاسميّ,M
قباد,M
قَبْلان,M
قِبْلَة,M
قَبُول,M
قَدَّار,M
قُدْرَت الله,M
قَدْرِيّ,M
قَدّور,M
قَدوم,M
قَدِيْر,M
قُدَيْر,M
قَدِيمان,M
قُدَيْمان,M
قُرْب,M
قِرْطاس,M
قَرْنيّ,M
قِرْني,M
قُرُوم,M
قَرِيْب,M
قَرِين,M
قِسْمَت,M
قَسْمون,M
قَسْوَر,M
قَسْوَرِيّ,M
قَسِيط,M
قُسَيْط,M
قَشِيب,M
قُطْب,M
قُطْب الدين,M
قُطْبُ الله,M
قَطِيف,M
قَلِيب,M
قُلَيْب,M
قَمَر,M
قُمْر,M
قَمَر الدين,M
قَمَر الرحمن,M
قَمَر السَّلام,M
قَمَر الله,M
قَمْرَانِي,M
قَمْرون,M
قَمَرِيّ,M
قُنْبَر,M
قِنْدِيل,M
قُوَّة,M
قَوِيّ,M
قَيَّام,M
قِيَام,M
قَيِّم,M
كَابِر,M
كاتِبٌ,M
كَاثِر,M
كَارِم,M
كَاظِم,M
كَافِي,M
كامِل,M
كَامِلَان,M
كَبِيْر,M
كَتَّام,M
كَثْران,M
كَثُور,M
كَثِيْر,M
كَحَل,M
كُحْل,M
كَحُول,M
كَرَّام,M
كُرَام,M
كَرَم,M
كَرَم الله,M
كَرْمَان,M
كَرَوَان,M
كرّوم,M
كَرِيْم,M
كُرَيْمَان,M
كَسَّاب,M
كسوة,M
كَشَّاف,M
كِفَاح,M
كِفَاية الله,M
كِفْل,M
كَلَام الدِّين,M
كَمَال,M
كَمَالُ الدِّيْن,M
كَمَايل,M
كَمْلَان,M
كَمُوش,M
كَمِيل,M
كُميل,M
كِنَان,M
كُنْدَس,M
كِنْدِي,M
كَنْز,M
كَنْز الدِّين,M
كوروش,M
كُوْفَة,M
كَوْنَيْن,M
كِيان,M
كَيَانِي,M
لُأَيْ,M
لَائِق,M
لَابِس,M
لَاحِق,M
لَازِم,M
لَامِس,M
لَاهِق,M
لَايِق,M
لَبِيب,M
لُبَيْب,M
لُتَاح,M
لُجَيْن,M
لِسَان الدِّين,M
لَطَافَت,M
لُطْف,M
لُطف الرحمن,M
لُطْف الله,M
لُطْفَان,M
لُطْفِي,M
لَطِيْف,M
لُطَيْف,M
لَطِيِفِي,M
لُقْمَان,M
لَمَعَان,M
لَمِيس,M
لَمِيك,M
لُهَام,M
لُهراسب,M
لَوَاحظ,M
لُوَيْبد,M
لُوَيْح,M
لياقت,M
لَيْث,M
لَيْثيّ,M
لَيْدَن,M
لَيْل,M
لَيْلَان,M
مألوف,M
مأمون,M
مُؤْمِن,M
مُؤْمِنُوْن,M
مُؤْمِنِيْن,M
مؤنس,M
مائز,M
مَاتِع,M
مادح,M
مادیار,M
مارتیا,M
ماردین,M
مَازِر,M
مَازِن,M
مازیار,M
مَاسِك,M
مَاطِر,M
مالح,M
مانی,M
ماهِد,M
مَاهِر,M
ماهمند,M
ماهيار,M
مُبَارِز,M
مُبَارَك,M
مَبْخُوْت,M
مُبْدِر,M
مُبْدِه,M
مُبَرِّك,M
مَبْرُور,M
مَبْرُوك,M
مِبْشَار,M
مُبَشِّر,M
مُبِيْن,M
متعال,M
مُثَاب,M
مِثَال,M
مَثْنَوِيّ,M
مَثْوَى,M
مُثِيب,M
مَجَّاد,M
مَجَّادين,M
مَجَال,M
مُجَاهِد,M
مُجَاوِر,M
مُجَايِد,M
مِجْبَار,M
مُجْتَبَى,M
مُجْتَهِد,M
مجد,M
مَجْد الدّين,M
مِجْداد,M
مَجْدان,M
مَجْدِي,M
مَجْذُوب,M
مُجْفَر,M
مُجَمَّل,M
مِجْهَان,M
مُجِيب,M
مَجِيْد,M
مُجِيد,M
مَجِيدَان,M
مُجِيدَان,M
مَجِيدِي,M
مُجِيدِي,M
مُجِيران,M
مُحَازَب,M
مُحَازِب,M
مُحَافَظ,M
مُحَافِظ,M
مُحِبّ,M
مُحِبّ الدِّين,M
مُحَبَّب,M
مُحَبِّب,M
مَحْبُوب,M
مَحْبُور,M
مُحتَرِم,M
مُحْتَسَب,M
مُحْتَسِب,M
مُحتَشِم,M
مِحْراز,M
مَحْرُوس,M
مُحِزّ,M
مُحِزَّت,M
مُحَسَّن,M
مُحَسِّن,M
مُحْسِن,M
مُحْسِنِيْن,M
مَحْسُوب,M
مَحْسُوم,M
مَحْسُون,M
مُحْصَد,M
مَحْظُوظ,M
مُحَفِّظ,M
مَحْفُوظ,M
محمّد,M
محمود,M
مِحْوَر,M
مُحْيِ الدِّين,M
مُخْتَار,M
مُخْتَارِيّ,M
مُخَلِّص,M
مُخْلَص,M
مُخْلِص,M
مُخْلِصيّ,M
مَدَّاح,M
مِدَادِي,M
مَدَار,M
مُدَّثِّر,M
مِدْحَت,M
مَدْخَل,M
مِدْرَار,M
مَدِيح,M
مُذَكِّر,M
مَذْكُور,M
مَراتِب,M
مَرَاحِيب,M
مُرَاد,M
مَرَاشِد,M
مُرَاضِي,M
مَرْبُوح,M
مُرَبِّي,M
مُرْتَاح,M
مُرْتَضَى,M
مُرْتَضِي,M
مُرْتَقَى,M
مُرْتَقِي,M
مُرْتَهَن الله,M
مُرْتَهِن الله,M
مُرْتَوِي,M
مُرَحِّبان,M
مَرَحيّ,M
مِرْخَاص,M
مُرَخَّص,M
مُرْخِص,M
مُرْخِي,M
مُرْدِف,M
مُرْدَه,M
مَرْدُوف,M
مُرْدِيني,M
مِرْزَاق,M
مرزبان,M
مُرْزَق,M
مُرْزِق,M
مَرْزُوْق,M
مَرْزُوق الله,M
مَرْزُوقِيّ,M
مَرْزُون,M
مِرْسَال,M
مِرْسَب,M
مُرْسلِيّ,M
مُرْسَليّ,M
مُرْسَلِيْن,M
مِرْشَادي,M
مِرْشَاق,M
مُرَشِّح,M
مُرْشَد,M
مُرْشِد,M
مُرْشَدِيّ,M
مُرْشِدِيّ,M
مَرْشُود,M
مَرْشُودِيّ,M
مِرْصَاد,M
مِرْضَاي,M
مَرْضِيّ,M
مُرْضِي,M
مِرْغَاد,M
مَرْغَب,M
مُرغِب,M
مُرْفِق,M
مِرْفِق,M
مُرَفَّل,M
مُرَفَّه,M
مَرِن,M
مِرْوَاف,M
مروان,M
مَرْوَانِيّ,M
مُرُوج,M
مَرُوح,M
مُرَوَّح,M
مُرَوِّح,M
مَرُوخ,M
مُرُور,M
مُرَيْح,M
مُرِيح,M
مُرِيحَان,M
مَرِيخ,M
مِرِّيخ,M
مُرِيد,M
مُرِيدَان,M
مَرِير,M
مُرَيْشِد,M
مَرِين,M
مُزْدَهر,M
مُزَّمِّل,M
مُزن,M
مِزن,M
مُزْهِر,M
مِزْهِر,M
مِزْيَان,M
مَزِيد,M
مُزَيَّن,M
مُزَيِّن,M
مُزَيْن,M
مُزَيْنِيّ,M
مَسَاجِد,M
مَسَارِي,M
مُسَاعِد,M
مَسَاكِن,M
مُسَالم,M
مُسَاوِي,M
مِسْبَاق,M
مَسْبَت,M
مُسبِّح,M
مُسْتَجَاب,M
مُسْتَحْسَن,M
مُسْتَحْسِن,M
مُسْتَحَق,M
مُسْتَحِق,M
مُسْتَشَار,M
مُسْتَعْلَي,M
مُسْتَعْلِي,M
مُسْتَغْفِر,M
مُسْتَفِيد,M
مُسْتَقِل,M
مُسْتَقِيْم,M
مُسْتَكْفِي,M
مُسْتَلْطَف,M
مُسْتَنْصِر,M
مُسْتَنِير,M
مَسْتُور,M
مُسْتَوِي,M
مَسْجِد,M
مُسْجِل,M
مِسْدَاد,M
مُسَدَّد,M
مُسَدِّد,M
مُسْدِي,M
مَسَرَّت,M
مَسْرُور,M
مُسْعَد,M
مُسْعَدَان,M
مُسْعَف,M
مُسْعِف,M
مَسْعُوْد,M
مَسْعُودِي,M
مُسْفِر,M
مِسْك,M
مَسْكُون,M
مِسْكِيّ,M
مُسَلَّط,M
مُسَلِّم,M
مُسْلِم,M
مُسْلِمِيّ,M
مُسْلِمِيْن,M
مُسْلِي,M
مُسْمِح,M
مُسْنَد,M
مُسَيَّب,M
مُسَيِّب,M
مَشَار,M
مَشَارِق,M
مَشَاهِد,M
مُشَاهِد,M
مَشَاوِر,M
مُشَاوِر,M
مَشْتَا,M
مُشْتَاق,M
مُشْتَاقِيّ,M
مُشَخِّص,M
مِشْدَاد,M
مِشْرَاق,M
مُشَرَّف,M
مُشْرِف,M
مَشْرِق,M
مُشْرِق,M
مَشْرِقيّ,M
مُشْرِقِيّ,M
مَشْرُوح,M
مشعال,M
مشعل,M
مُشْفِق,M
مُشْقَري,M
مَشْقُور,M
مشكاة,M
مَشْكُور,M
مَشْكُوري,M
مَشْهَد,M
مشهور,M
مشيئة,M
مَشِيدِيّ,M
مُشِيدِي,M
مُشِير,M
مُشَيْور,M
مُصَابِر,M
مُصَاحِب,M
مَصَاد,M
مَصَادِيق,M
مُصَان,M
مصباح,M
مِصْبَاحِي,M
مُصْبِح,M
مُصْحِب,M
مَصْد,M
مُصَدَّق,M
مُصَدِّق,M
مَصْدُوْق,M
مِصْري,M
مُصْطَاف,M
مُصْطَفَى,M
مُصْعَب,M
مُصْعَبي,M
مُصْلِح,M
مُصَلِّي,M
مُصَنَّف,M
مُصَنِّف,M
مُصَوِّر,M
مَصُوص,M
مَصِيْر,M
مَصِيريّ,M
مُصَيْري,M
مُصَيْعب,M
مُضَارِب,M
مَضَامِن,M
مَضْمَن,M
مَضْمُون,M
مَطَاف,M
مَطَالِب,M
مُطَالِب,M
مَطَّالي,M
مَطَاهِر,M
مَطَر,M
مَطَري,M
مَطْلَب,M
مُطَّلِب,M
مَطْلوب,M
مُطَهِّر,M
مُطَهِّرَان,M
مَطِير,M
مُطَيْر,M
مَطِيري,M
مُطَيْري,M
مُطِيع,M
مُطَيْلِيب,M
مَظَاهِر,M
مُظَفَّر,M
مَظْهُور,M
مَعَاد,M
مَعَاذ,M
مُعَاذ,M
مَعَاذِر,M
مَعَارِج,M
مَعَارِف,M
مَعَاش,M
مَعَاشِر,M
مُعَاشِر,M
مَعاصِب,M
مُعَاضِد,M
مَعَالِي,M
مَعَانِي,M
مُعَاوِني,M
مَعَايِش,M
مَعْبَد,M
مُعْتَاز,M
مُعْتَبِر,M
مُعْتَدِل,M
مُعْتز,M
مُعْتَزِم,M
مُعْتَصَم,M
مُعْتَصِم,M
مُعْتَق,M
مُعْتِق,M
مُعْتَقَد,M
مُعْتَقِد,M
مُعْتَمَد,M
مُعْتَمِد,M
مَعْتُوق,M
مُعْجَب,M
مُعْجِب,M
مَعِدّ,M
مَعْدِل,M
مُعَدَّل,M
مُعَدِّل,M
مَعْدِن,M
مُعَدِّن,M
مَعْدِني,M
مَعْدُون,M
مَعْذُور,M
مِعْرَاج,M
مِعْرَاج الدين,M
مِعْرادِي,M
مِعْرَاف,M
مُعْرِب,M
مُعَرِّف,M
مُعرِّفي,M
مَعْرُوْف,M
مَعْرُوفِي,M
مُعِزّ,M
مُعِزَّاوي,M
مُعَزِّر,M
مَعْزِم,M
مُعْزِم,M
مَعْزُوز,M
مِعْشَار,M
مَعْشر,M
مُعَضِّد,M
مِعْطَاف,M
مِعْطَاوِي,M
مُعْطِي,M
مُعْقِب,M
مُعَلَّا,M
مَعْلَم,M
مُعَلَّم,M
مُعَلِّم,M
مُعَلِّي,M
معمِّر,M
مُعَمَّر,M
مَعْمُور,M
مُعمِّير,M
مَعْن,M
مُعَوَّل,M
مَعُونِيّ,M
مُعِيد,M
مُعِيدِيّ,M
مَعِيْش,M
مُعَين,M
مُعِيْن,M
معين الدين,M
مُعِين الدين,M
مَعْيُوش,M
مَغَازِي,M
مُغَامِر,M
مَغَايث,M
مُغْتِن,M
مُغَرْبَل,M
مُغْرَم,M
مُغِيث,M
مُغِيث الدين,M
مُغِيثِي,M
مُغِير,M
مُغِيرة,M
مَفَاخِر,M
مِفْتَاح,M
مِفْتَاحُ الدِّيْن,M
مَفْتُوْح,M
مِفراح,M
مُفَضِّل,M
مُفْضِل,M
مُفَكِّر,M
مُفْلَح,M
مُفْلِح,M
مُفْلِحيّ,M
مِفْيَاض,M
مُفِيد,M
مَقَاصِد,M
مُقَاضِي,M
مَقْبُول,M
مُقْتَدِر,M
مِقْدَاد,M
مِقْدَادِيّ,M
مِقْدَام,M
مُقَدَّم,M
مَقْدُور,M
مَقْدُوم,M
مَقْدِيد,M
مُقَرَّب,M
مُقْرِن,M
مُقْسِط,M
مُقَسَّم,M
مُقَسِّم,M
مَقْصُود,M
مُكَافَاة,M
مَكَان,M
مُكَبِّر,M
مُكْتَفِي,M
مُكْتَمِل,M
مَكْتُوب,M
مَكْرَم,M
مُكَرَّم,M
مَكْرمِي,M
مَكْرُور,M
مُكَلَّف,M
مَكِّيّ,M
مُكَيْبِر,M
مُكَيْرِم,M
مُكَيْرِمَان,M
مُلادِن,M
مُلَاطِف,M
مُلَاهِب,M
مُلَايِن,M
مُلْتَمَس,M
مُلْتَمِس,M
ملحان,M
مِلْحَس,M
مَلْمُوس,M
مُلُوك,M
مليح,M
مَلِيد,M
مُلَيْسِن,M
مَلِيك,M
مَلِيكان,M
مُمْتَاز,M
مُمجَّد,M
مُمَجِّد,M
مَمْدُوح,M
مَمْدُوْد,M
مُنَادِي,M
مُنَار,M
مَنَار الإسلام,M
منَارِي,M
مَنَاضِر,M
مَنَاف,M
مَنَافِع,M
مُنَال,M
مُنَبَّهان,M
مُنْتَصِر,M
مُنْتَصَف,M
مُنْتَظَر,M
مُنْتَظِر,M
مُنْتَقَى,M
مُنْتَهَى,M
مُنْجِد,M
مُنَجِّي,M
مُنْجِي,M
مُنْدِي,M
مُنْذِر,M
مُنْشِد,M
مِنْصَار,M
مَنْصَر,M
مُنْصِف,M
مَنْصُور,M
مَنْصُورِي,M
مَنْظُور,M
مُنعم,M
مُنَعَّم,M
مُنَقِّي,M
مِنْهَاج,M
مِنْهَاج الدِّين,M
مِنْهَال,M
مِنْهَالِي,M
مَنْهَل,M
منوچهر,M
مُنَوَّر,M
مُنَوِّر,M
مُنِيْبٌ,M
مَنِيح,M
منير,M
مُنِيف,M
مُهَاب,M
مُهَاجِر,M
مَهّاد,M
مِهَاد,M
مَهَّال,M
مُهْتَد,M
مُهْتَدي,M
مَهْجَان,M
مَهْد,M
مِهداد,M
مَهْدِي,M
مُهَذَّب,M
مُهَذِّب,M
مِهراد,M
مِهران,M
مِهربُد,M
مِهرتاش,M
مُهْزِم,M
مَهُل,M
مِهْلَال,M
مُهَنَّد,M
مُهَوِّن,M
مَهِير,M
مَوْثُوق,M
مُوجِد,M
مَوْجُود,M
مَوْحَد,M
مُوَحِّد,M
مُوسِر,M
مُوْسَى,M
مُوْطِف,M
مَوْعُود,M
مُوَفَّق,M
مُوَفِّق,M
مَوْفُود,M
مُوقِد,M
مُوَقَّى,M
مُومَّل,M
مَوهَب,M
مُوهِب,M
مُوهِف,M
مَوْهُوب,M
مُوَيَّد,M
مِيْثَاق,M
ميخائيل,M
مَيْدان,M
مِيْزَان,M
مُيَسَّر,M
مُيَسِّر,M
ميسم,M
مِيعاد,M
مِيلَاد,M
ميمون,M
نائِف,M
نائل,M
نَابِت,M
نَابِغ,M
نَاجِد,M
نَاجِي,M
نَادِر,M
ناسخ,M
نَاسِك,M
نَاشِد,M
نَاصِح,M
ناصر,M
نَاصِر الدِّين,M
نَاضِح,M
ناضِرٌ,M
نَاطِق,M
نَاظِم,M
نَاعِم,M
نَافِح,M
نَافِذ,M
نَافِل,M
نَاقِل,M
نامجور,M
نامدار,M
نَامِق,M
نَامِي,M
نامی,M
نَاهِض,M
نَاير,M
نَايِم,M
نبأ,M
نَبَايِل,M
نَبْهَان,M
نُبُوغ,M
نَبِيْل,M
نَبِيلي,M
نَبِيه,M
نَبِيهِيّ,M
نَتَّاج,M
نِتَاج,M
نُتُوّ,M
نجاة,M
نَجَاة,M
نَجَاح,M
نَجَّاد,M
نَجْد,M
نَجْدَت,M
نَجْلَان,M
نَجْم,M
نَجْم الدين,M
نَجُود,M
نَجِيب,M
نَجِيد,M
نُجَيْد,M
نُجَيم,M
نَجِيم الدين,M
نَخْلان,M
نَخِيل,M
نُخَيل,M
نَدِير,M
نُدَير,M
نَذِيْر,M
نُذَير,M
نَريمان,M
نِزَار,M
نَزْهان,M
نُزْهَت,M
نَزْهيّ,M
نِسْبَت,M
نِسْبيّ,M
نِسْمت,M
نُسُور,M
نَسِيْب,M
نُسَيْب,M
نسيف,M
نَسِيْم,M
نُسَيْم,M
نشوان,M
نُشور,M
نَصَّاح,M
نَصَّار,M
نَصَاير,M
نَصْر,M
نصر الدِّين,M
نَصْرُ الله,M
نَصْرَت,M
نَصُوح,M
نصير,M
نُصَيْر,M
نَصِيْل,M
نِضَال,M
نَظَّار,M
نِظَام,M
نِظَام الحق,M
نِظَام الدِّين,M
نَظْمِيّ,M
نَظِيف,M
نَظِيم,M
نُعْم,M
نِعَم الله,M
نُعْمَان,M
نِعْمَة الله,M
نِعْمَت,M
نَعوم,M
نَعِيم,M
نُعَيْم,M
نَعِيم الرحمن,M
نَغَمت,M
نَفَل,M
نفيس,M
نَقّاد,M
نَقِيّ,M
نَقِيْب,M
نَقِيل,M
نَمِر,M
نمْران,M
نُمُوّ,M
نَمِير,M
نُمَيْر,M
نهاد,M
نَهَّاد,M
نِهَاد,M
نَهَار,M
نَهْران,M
نَهْشَل,M
نَهْضَان,M
نَهْضَت,M
نَهْوَان,M
نُهُوض,M
نَهْيَان,M
نەورۆز,M
نَوَّاب,M
نَوَّار,M
نَوَّاف,M
نَوَافِل,M
نوبخت,M
نُوْح,M
نوذر,M
نُورٌ,M
نُور الإسلام,M
نور الدين,M
نُور الله,M
نَوْرَس,M
نورشاه,M
نُورِل,M
نُوَرهان,M
نُورِيّ,M
نوژَن,M
نوشاد,M
نَوْف,M
نَوْفَان,M
نَوْفَل,M
نَوْل,M
نَوْهان,M
نَوْيَان,M
نُوَيْب,M
نويد,M
نُوَيْدِر,M
نُوَيْر,M
نُوَيْرَان,M
نُوَيْصر,M
نوين,M
نِيَازي,M
نيرومند,M
نَيْزَك,M
نيكان,M
نيك‌روز,M
نيكزاد,M
نيكنام,M
نِيم,M
نيما,M
هَاجِد,M
هَاجِر,M
هادي,M
هارون,M
هارونة,M
هاشِم,M
هَالِل,M
هَدَال,M
هَدَّال,M
هُرَيْرَة,M
هَزَّار,M
هُزَيْر,M
هَزِيم,M
هشام,M
هَشَّام,M
هَطَّال,M
هِلَال,M
هَلُول,M
هوشنگ,M
هوشيار,M
هومان,M
هومن,M
هويدا,M
هۆشەنگ,M
هۆشیار,M
هَيْب,M
هيربَد,M
هِيژا,M
هَيْل,M
هيمن,M
هَيِّن,M
هيوا,M
هیدی,M
هیراد,M
هیرش,M
وِئام,M
وَائِل,M
واثق,M
وَاجِب,M
وَاجِد,M
واحد,M
وَادِد,M
وَادِي,M
وَادِّين,M
وَارِث,M
وَارِد,M
وَازِع,M
وَازِن,M
وَاصِف,M
وَاصِل,M
وَافّ,M
وَافِق,M
وَافِي,M
وَاقِد,M
وَاكِب,M
وَال,M
وَالِي,M
وَاهِب,M
وَايِل,M
وَثَاق,M
وَثِيْق,M
وِجْدَان,M
وَجِيد,M
وَجِيْه,M
وَجِيهَان,M
وَحْدَان,M
وحدت,M
وحيد,M
وَدّ,M
وِدّ,M
وِدَاد,M
وِدَادي,M
وَدُود,M
وَدِيْد,M
وِرَاد,M
وَرْد,M
وَرْدَا,M
وَرْدِي,M
وَرِش,M
وَرْشَان,M
وُرَيْد,M
وَرِيف,M
وَزْن,M
وَزِيرَان,M
وسام,M
وسيم,M
وَشَان,M
وِصَال,M
وَصْفِيّ,M
وَصْل,M
وَضَّاح,M
وَضِيّ,M
وَضْيَان,M
وَعْد,M
وَفَاء | وَفَا,M
وَفَائِي,M
وِفَاق,M
وَفِيّ,M
وَفِيْر,M
وَفِيْق,M
وَقَار,M
وَقَّاص,M
وَقُور,M
وَكِيْل,M
ولدان,M
وَلِيّ,M
وَلِيُّ الدِّيْن,M
وَلِيد,M
وَهَّاب,M
وَهْب,M
وَهْب الله,M
وَهْبَان,M
وَهْبِيّ,M
وَهِيب,M
وُهَيْب,M
وَهِيب الله,M
ياسر,M
يحيى,M
يَزِيْد,M
يَسَار,M
يُسْر,M
يُسْر الله,M
يُسْرِي,M
يَسِيْر,M
يَشْعَل,M
يَعْقُوْب,M
يَعْمَر,M
يَقِيْن,M
يَمَان,M
يمين,M
يُوْسُف,M
يونس,M
آتوسا,F
آتين,F
آجَار,F
آدرینا,F
آدينه,F
آرا,F
آراء,F
آراز,F
آراس,F
آراكس,F
آرام,F
آران,F
آرِبْة,F
آرج,F
آرزنده,F
آرش,F
آرشين,F
آرنگ,F
آريا,F
آريان,F
آريانا,F
آزاد,F
آزاددخت,F
آزاده,F
آزيتا,F
آسا,F
آسِرَة,F
آسوده,F
آسية,F
آشا,F
آشفته,F
آشنا,F
آصال,F
آفَاق,F
آفريده,F
آلَاء,F
آلتون,F
آلفة,F
آماد,F
آمال,F
آمنة,F
آمين,F
آن,F
آناء,F
آهو,F
آوا,F
آوات,F
آويزه,F
آوين,F
آيَات,F
آيان,F
آيانه,F
آيَة,F
آيت,F
آينا,F
آيناز,F
آينور,F
آيه,F
آيينه,F
أبان,F
أبدار,F
أَبْصَار,F
أَبْيَن,F
أَثِيل,F
أَجَاوِيد,F
أَحْبَاب,F
أَحْلاَم,F
أَحْمَرَان,F
أحنف,F
أديان,F
أَدِيْبَة,F
أذين,F
أذينة,F
أَرْحَمْ,F
أرفع,F
أَرْهَى,F
أَرْوَى,F
أُرَيْب,F
أريبة,F
أُرَيْبَة,F
أُرَيْبِيَّة,F
أَرِيْج,F
أزليّة,F
أزيان,F
أسَارِير,F
أَسَدَة,F
أسرار,F
أسمر,F
أسمى و أسماء,F
أسنى,F
أَشْوَاق,F
أَصَالَة,F
أصالت,F
أصبح,F
أَصَح,F
أَصْدَاف,F
أَصْفى,F
أَصْفِيَاء,F
أَصِيْل,F
أَصِيْلَة,F
أضاليا,F
أَطْيَاف,F
أعراف,F
أَعْيُن,F
أغلا,F
أَفراح,F
أفْصَح,F
أفكار,F
أَفْنَان,F
أَقْصَى,F
أَكْوَان,F
ألطاف,F
ألوَان,F
أَلِيْفة,F
أُمْ أَيْمَن,F
أم الهناء,F
أُم حَمدي,F
أُمامة,F
أمان,F
أَمَانُ الله,F
أمانا,F
أَمَانَات,F
أَمَانَة,F
أَمَانَةُ الله,F
أماني,F
أُمَّة,F
أَمَة الآخِر,F
أمة الأحد,F
أَمَةُ الأَعْلَى,F
أمة الأكرم,F
أمة الأول,F
أمة الإله,F
أمَة البَاطِن,F
أَمة البِرّ,F
أَمَة البَصِيْر,F
أَمَة التَّوَّاب,F
أَمَة الجَبَّار,F
أَمَة الجَلِيْل,F
أمَة الجَمِيْل,F
أمة الحَافِظ,F
أَمة الحَسِيْب,F
أَمَة الحَفِيْظ,F
أَمَة الحَق,F
أمة الحَكَم,F
أَمَة الحَكِيْم,F
أَمَة الحَلِيْم,F
أمَة الحَمِيْد,F
أمَة الحَيّ,F
أَمَة الخَالِق,F
أَمَة الخَبِيْر,F
أمة الخلاّق,F
أَمَة الرَّب,F
أَمَة الرَّحْمَن,F
أَمَة الرَّحِيْم,F
أَمَة الرَّزَّاق,F
أَمَة الرَّقِيْب,F
أَمَة السَّلاَم,F
أَمَة السَّمِيْع,F
أَمَة الشَّكُوْر,F
أَمَة الشَّهِيْد,F
أَمَة الصَّمَد,F
أَمَة الظَّاهِر,F
أَمَة العَزِيْز,F
أَمَة العَظِيْم,F
أمة العفوّ,F
أَمة العَلِيْم,F
أَمَة الغَفَّار,F
أَمَة الغَفُوْر,F
أمة الغَنِيّ,F
أمة الفتّاح,F
أَمَة القَاهِر,F
أَمَة القُدُّوْس,F
أَمَة القَدِيْر,F
أَمَة القَرِيْب,F
أَمَة القَيُّوْم,F
أمة الكَبِيْر,F
أَمة الكَرِيْم,F
أمَة اللَّطِيْف,F
أَمَة الله,F
أَمَة المَالِك,F
أَمَة المُبِيْن,F
أَمَة المُتَعَال,F
أَمَة المُتَعَالي,F
أمة المَتِيْن,F
أمة المُجِيْب,F
أمة المَجِيْد,F
أمة المُحِيْط,F
أَمَة المُصَوِّر,F
أَمَة المُقْتَدِر,F
أَمَة المُقَدِّم,F
أَمَة المُقِيْت,F
أمة المَلِيْك,F
أَمَة المَنَّان,F
أَمَة المُهَيْمِن,F
أمة المولى,F
أَمَة النَّصِيْر,F
أمة الهَادِي,F
أَمَة الوَاحِد,F
أَمَة الوَارِث,F
أَمَة الوَدُوْد,F
أَمَة الوَلِيّ,F
أَمَة الوَهَّاب,F
أَمْثَل,F
أمد,F
أَمْرَاس,F
أمل,F
أملاس,F
أَمَلَة,F
أَمْلَحان,F
أَمْلَس,F
أَمِنَان,F
أَمْنَان,F
أمنتي,F
أمنيان,F
أمنية,F
أمنيتي | أمنياتي,F
أَمُّوْرَة,F
أَمُّوْرِي,F
أَمُّوْنَة,F
أَمُوْني,F
أَمْيَال,F
أميرا,F
أميرة,F
أَمْيَلي,F
أُمَيْمة,F
أُمَيْمِيَّة,F
أَمِيْنَات,F
أمينة,F
"أناء، أناة",F
أَناة,F
أَنَاة,F
أنار,F
أنارات,F
أَنَاسَة,F
أَنْجُد,F
أَنْجُم,F
أَنْدَلُس,F
أَنْدَلُسي,F
أَنْسَام,F
أنسب,F
أنسة,F
أَنَسي,F
أَنَسِيّة,F
أُنْسِيَّة,F
أُنشُودة,F
أَنظَار,F
أَنْعُم,F
أَنعُم الله,F
أَنْغُم,F
أَنْفَاس,F
أَنْفَاني,F
أنفة,F
أنمار,F
أنهار,F
أَنْوَار,F
أَنْوَارة,F
أَنِيْسَة,F
أُنَيْسَة,F
أَنِيْفَة,F
أُنَيْفَة,F
أَنِيْق,F
أَنِيْقَة,F
أَهداف,F
أَهرام,F
أَهيَس,F
أَوب,F
أَوْبِيّ,F
أَوْبِيّة,F
أَوْجَة,F
أَوْدَق,F
أَوْدية,F
أَوْرَاق,F
أَوْسا,F
أَوْسَاق,F
أوسال,F
أَوسَام,F
أَوْسِمَة,F
أوفى,F
أَوقَى,F
أَوَّلاَن,F
أَوْلَى,F
أُوْلَى,F
أَوْلِيَاء,F
أُوَيْبَة,F
أيّام,F
أَيامِن,F
أيّان,F
أَيْد,F
أَيْدِي,F
إباء,F
إبتسام,F
إبحار,F
إِبريز,F
إتاء,F
إتقان,F
إثاث,F
إجادة,F
إجلال,F
إحرام,F
إِحْسَان,F
إحكام,F
إخاء,F
إخلاص,F
إِدْرَاك,F
إذعان,F
إِرْهَاء,F
إِشْرَاق,F
إِشْعَال,F
إصرار,F
إفراء,F
إِفْرَاح,F
إقرأ,F
إلانة,F
إلحان,F
إِلْهَام,F
إليانة,F
إِمَامَة,F
إِمْهَال,F
إنارة,F
إنتباه,F
إِنْجِيل,F
إِنْجِيلة,F
إنشا,F
إنْشَاد,F
إِنْعَام,F
إِنْهَال,F
إهداف,F
إِهْلَال,F
إِيَّان,F
إِيثَار,F
إِيحَاء,F
إِيْدَاع,F
إيراء,F
إِيْضَاح,F
إِيْفَاء,F
إيلاف,F
إِيْمَاء,F
إيمان,F
إيماني,F
إِيْنَاس,F
إِيهَام,F
إِيْوَاء,F
ئاواز,F
ئاوین,F
ئاوێنە,F
ئەسرین,F
ئەڤین,F
ئەلوەند,F
ابتسامة,F
ابْتِهَال,F
ابريشم,F
احترام,F
احْتِشام,F
اِحسانه,F
اختر,F
ارباب,F
ارتا,F
ارتقاء,F
ارته دخت,F
ارغوان,F
ارمغان,F
اَرنَواز,F
اروش,F
اروين,F
اريز,F
ازدهار,F
ازل,F
استقلال,F
اسراء,F
اعتماد,F
افتخار,F
افرا,F
افروز,F
افروزه,F
افريشم,F
افزا,F
افزون,F
افسانه,F
افشان,F
اكليل,F
العذراء,F
الماز,F
الماس,F
الماش,F
النور,F
الوند,F
اليِناءْ,F
امانت,F
امة النافع,F
امتثال,F
انار,F
اناست,F
اناقت,F
انبساط,F
انبهاج,F
انتشال,F
انتصار,F
انتظار,F
انتهاء,F
انجاح,F
انجام,F
انجمن,F
انسِجَام,F
انْشَرَاح,F
انْشِرَاح,F
انشراف,F
انصاف,F
انفصال,F
انوش,F
انوشه,F
اهواز,F
اوان,F
اَوستا,F
ايواز,F
بَاحِثَة,F
بادر,F
بادرا,F
بَادِرَة,F
باران,F
بارزة,F
بَارِزيَّة,F
بَارِكا,F
بَارِكَة,F
بازَة,F
بَازِجَة,F
بَازِرَة,F
بازرية,F
بازغة,F
باسِطَة,F
بَاسِقَة,F
بَاسِلَة,F
بَاسْمَا,F
باسِمة,F
بَاسِميّة,F
بَاسِمِين,F
باغِشَة,F
باقات,F
بَاقَة,F
باقية,F
بَاكِرَة,F
بالي,F
بان,F
بانة,F
بانو,F
بَاهِرَة,F
باهري,F
باهِريَّة,F
باوان,F
بَتِعَة,F
بَتْلَاء,F
بَتْلَة,F
بَتُوْل,F
بَتُوْلَة,F
بُتَيْلَة,F
بَثْنَة,F
بُثَيْن,F
بُثَيْنَاء,F
بُثَيْنَة,F
بُجُود,F
بَحْر,F
بُحُوْر,F
بُحَيْرَة,F
بَخْتَة,F
بَختيّة,F
بخشنده,F
بُخُوْر,F
بَخِيْتَة,F
بدا,F
بِدَار,F
بَدَايا,F
بِدَايَة,F
بدايت,F
بُدَّة,F
بَدْرَاء,F
بَدْرَان,F
بَدْرَة,F
بَدْرِي,F
بدرية,F
بَدْها,F
بُدُوْر,F
بُدُوْرِيَّة,F
بَدُوْعَة,F
بَدَويَّة,F
بَدِيْدَة,F
بُدَيْدَة,F
بُدَيْرَة,F
بَدِيْعَة,F
بَدِيْلَة,F
بَدِيْهَة,F
براء,F
بَرَاعِم,F
بَرَّاهة,F
بَرَايِك,F
برجا,F
بَرْجَاء,F
برجيس,F
بَرْقَة,F
بركة,F
بُرْهَانَة,F
بَرْهَمة,F
بريئة,F
بريّة,F
بُرَيْكَات,F
بِزْرَة,F
بُزُور,F
بَسَالَة,F
بسامة,F
بستان | بوستان,F
بُسْرَاق,F
بَسْما,F
بسمت,F
بَسُّومة,F
بَسِيمَاء,F
بسيمة,F
بَشَارَة,F
بِشارة,F
بِشارت,F
بَشْرَة,F
بِشْرة,F
بُشْرَى,F
بُشْرِيّ,F
بِشْرِيّ,F
بَشُورة,F
بَشُوْش,F
بَشُوشَة,F
بَشِيْرَة,F
بَشِيشة,F
بصائر,F
بَصيرا,F
بصيرة,F
بقاء,F
بُكْرَة,F
بَلَاغة,F
بُلْبُل,F
بُلَّة,F
بِلَّة,F
بَلْجة,F
بلقيس,F
بِلْقِيْس,F
بُلُوج,F
بَلُوْجَة,F
بَلِيْغَة,F
بُلَيْنَة,F
بَنان,F
بنفشه,F
بِه آفرين,F
بهار,F
بهار بانو,F
بهاران,F
بهارك,F
بهاره,F
بهامين,F
بَهَايَة,F
بِهدخت,F
بَهْرَاء,F
بهرخ,F
بهسا,F
بِهشت,F
بِهَشتِه,F
بِهشيد,F
بهناز,F
بِهي,F
بَهِيّة,F
بهيجة,F
بَهِيرة,F
بَهِيلَة,F
بِهين,F
بِهينا,F
بَهِينَة,F
بەهەشت,F
بَوَاسِم,F
بَيَان,F
بيتا,F
بَيْدَاء,F
بَيْضَاء,F
بينا,F
بيِّنَات,F
بَيِّنَة,F
پارلا,F
پارمین,F
پانيذ,F
پانیا,F
پدیده,F
پَرتو,F
پَرديس,F
پَرژین,F
پُرسا,F
پرستش,F
پرستو,F
پُرگل,F
پَرنا,F
پَرَند,F
پَرَنديس,F
پَرَنسا,F
پرنگ,F
پُرنوش,F
پَرنيا,F
پَرنيان,F
پَروا,F
پروانه,F
پَرور,F
پُروشات,F
پروين,F
پروين‌دخت,F
پري,F
پريا,F
پريان,F
پري‌چهر,F
پري‌چهره,F
پريدخت,F
پري‌رخ,F
پري‌زاد,F
پَريسا,F
پَريسان,F
پري‌سيما,F
پري‌شاد,F
پري‌گل,F
پري‌ماه,F
پَرينا,F
پري‌ناز,F
پرينوش,F
پریوش,F
پگاه,F
پەریوەش,F
پوران,F
پوران‌دخت,F
پونا,F
پونه,F
پويه,F
پيرایه,F
پيروزه,F
پيوند,F
پینار,F
تائبة,F
تابان,F
تابِث,F
تَابِعَة,F
تابنده,F
تاج الله,F
تاجدار,F
تارا,F
تازا,F
تَالِيَة,F
تَامِرَة,F
تَبَارَك,F
تِبْرَة,F
تَبَرُّك,F
تَبْصِير,F
تِبْهَاج,F
تَثْمِيرة,F
تَحْرِير,F
تَحْسِيْن,F
تحميد,F
تَدْبِير,F
تَدْرِيس,F
تُرَاث,F
تَرَاشُد,F
ترانه,F
تِرْحَاب,F
تَرْحِيب,F
تَرْخِيم,F
تُرْفَة,F
تَرْقِيَة,F
تُرَيْفَة,F
تَزْكِيَة,F
تَزَيُّن,F
تَزْيِين,F
تَسَامُح,F
تَسَاهِير,F
تَسْطِير,F
تَسْعَد,F
تَسْكِين,F
تَسْمِيَة,F
تَسْنِيْم,F
تَصْوِير,F
تطهير,F
تَعَال,F
تَعْزَاز,F
تَغْرِيد,F
تفهيم,F
تَقَدُّم,F
تَكريم,F
تَمَاثُل,F
تَمَّامَّة,F
تَمَسُّك,F
تمنّى,F
تَمْهِيد,F
تِنْجال,F
تَنْعِيم,F
تَهَانِي,F
تَهْذِيب,F
تَهِلَّة,F
تهمينه,F
تَوَّابة,F
تَوَاد,F
تَوْبَات,F
توتيا,F
تَوْحِيدَة,F
تَوَدُّد,F
توران,F
تَوْفِيقَة,F
تَوقُّر,F
تيام,F
تَيْدَة,F
تَيْسِيرَة,F
تَيْمُورة,F
تينا,F
تِينَا,F
تِينَات,F
تَيْهَاء,F
تِيْهَة,F
ثائِرة,F
ثَابَة,F
ثَابِتَة,F
ثَاقِبَة,F
ثَامِرَة,F
ثَايِبة,F
ثَرَاء,F
ثَرْوة,F
ثروت,F
ثُرَيَّا,F
ثُرَيَّات,F
ثُمَامَة,F
ثَمْرَاء,F
ثَمَرَة,F
ثَمْرِيْن,F
ثَمِينَة,F
ثَنَا,F
ثَنَاي,F
ثَوَّاب,F
ثَوَّابة,F
ثوبة,F
ثَوْبَت,F
ثَوْرَة,F
ثَوْرَت,F
ثُوَيْب,F
ثويبة,F
جابرة,F
جَاسِمَة,F
جان افروز,F
جانان,F
جَاهِدة,F
جَاهِزَة,F
جَبَّاء,F
جَبَّادة,F
جِبَالَة,F
جَبْراء,F
جَبْرَة,F
جَبَل,F
جَبْلَة,F
جُبْلة,F
جَبِيهَة,F
جُبَيْهَة,F
جُدّ,F
جَدِيْرَة,F
جَذَل,F
جَزَاء,F
جَزِيلا,F
جَزِيلة,F
جَعْفُورَة,F
جَعْفِيرَة,F
جَمَالَة,F
جُمَانَة,F
جَمْلَاء,F
جُمَلَاء,F
جُمْلانة,F
جَمْلَة,F
جَمِيلَا,F
جميلة,F
جَنَّات,F
جِنَان,F
جِنَاني,F
جنّة,F
جنينة,F
جُنَيْنَة,F
جِهَادة,F
جهان,F
جُهْد,F
جَهْدَاء,F
جَهُودَة,F
جُهَيْنَة,F
جوانه,F
جَواهر,F
جَوَاهَر,F
جَوْد,F
جُود,F
جَوْدَة,F
جُودَة,F
جَوْدَت,F
جُودِيّ,F
جُودِيَّة,F
جَوْهَر,F
جَوْهَرَة,F
جويرية,F
جَيِّدة,F
جِيدَة,F
چراغ,F
چشيده,F
چكامه,F
چمن,F
چمن آرا,F
چمن گل,F
چمن‌ناز,F
چهره,F
چیمەن,F
حاتمة,F
حاذقة,F
حَارِثَة,F
حَاسِنَة,F
حَالِيَة,F
حامدة,F
حُبّ,F
حُبَاب,F
حَبَّابة,F
حُبَابة,F
حُبَّة,F
حَبْريَّة,F
حَبَق,F
حَبِيبَة,F
حُبَيْبَة,F
حَبيبيّة,F
حَثِيثَة,F
حِدَّة,F
حديث,F
حَدِيقَة,F
حَرَاير,F
حَرْز,F
حَرْزَانة,F
حَرِيم,F
حَزْمِيَّة,F
حَزِيمَة,F
حُسَامَة,F
حَسَنا,F
حسناء,F
حَسْنَات,F
حَسْنَاو,F
حَسَنَة,F
حَسْنَة,F
حُسْنَى,F
حُسْنِيَّة,F
حَسُّونَة,F
حَسِيمَة,F
حُسَيْمة,F
حَسِيْنَة,F
حُسَيْنة,F
حِشْمَة,F
حِشْمَت,F
حَشِيمَة,F
حُشَيْمة,F
حَضَارَة,F
حَطَّابَة,F
حَفِيظَة,F
حُفَيْظَة,F
حَفِيفَة,F
حَقَّات,F
حِكْمَة,F
حِكْمَت,F
حَكِيْمَةٌ,F
حَلَا,F
حُلَا,F
حَلاة,F
حَلَّامة,F
حَلَاوَة,F
حُلَّة,F
حِلْف,F
حُلْو,F
حُلْوَة,F
حَلُّومَة,F
حُلْوِي,F
حِلْيَة,F
حُماة,F
حَمَّاتة,F
حَمَّادة,F
حَمَّادِية,F
حَمَاسَة,F
حَمَامَة,F
حِمَاية,F
حِمَايت,F
حمداء,F
حَمْدَانة,F
حَمْدَت,F
حمديّة,F
حَمْرَاء,F
حَمْزِيَّة,F
حَمُّودة,F
حَمُّوزة,F
حِمَى,F
حَمْيَاء,F
حميدة,F
حَمِيْدت,F
حُمَيْرَاء,F
حَمِيْم,F
حَمِيمَة,F
حَنان,F
حَنَّانَة,F
حَنَّة,F
حَنْسَاء,F
حَنْوَا,F
حَنُّوفة,F
حَنُون,F
حُنُون,F
حَنُونة,F
حَنِيفَا,F
حَنِيفَة,F
حُنَيْفة,F
حَنِيفِيَّة,F
حنين,F
حَنين,F
حَوَّاء,F
حور,F
حوراء,F
حوروش,F
حوري,F
حوريا,F
حوريّة,F
حَيَاء,F
حَيَاة,F
حَيْدَرَا,F
حَيْدرة,F
حَيِيَّة,F
خاطره,F
خالِدَة,F
خالِصة,F
خَالِية,F
خاور,F
خِبْرة,F
خَبِيرَة,F
خجسته,F
خَدُوجة,F
خَدِيجة,F
خرامان,F
خُزَيْمَة,F
خَصَّابة,F
خِصْبة,F
خَصِيبة,F
خُصَيْبة,F
خَضَّارة,F
خُضَارة,F
خَضْراء,F
خُضْرَة,F
خَضْرَت,F
خُطَا,F
خَطْرة,F
خَطِيبة,F
خَفِيفة,F
خِلال,F
خُلَّة,F
خَلْدا,F
خَلْصَت,F
خِلْفة,F
خِلْفَت,F
خُلُود,F
خلولة,F
خَلِيدَة,F
خُلَيْصَة,F
خليف,F
خليفة,F
خُلَيْفة,F
خليلة,F
خِمَار,F
خَمَرَة,F
خِمْرَة,F
خَوَاطِر,F
خوب‌‌چهر,F
خَوْدَان,F
خورشيد,F
خَوْلَة,F
خُوَيْد,F
خُوَيْرة,F
خَيَال,F
خِير,F
خِيرَا,F
خَيْراتٌ,F
خيّرة,F
خَيْرَةٌ,F
خَيْرِيّة,F
دأماء,F
دَؤوب,F
دائمية,F
دارية,F
داليا,F
دانا,F
دانش,F
دَانِيَة,F
دايانا,F
دَبِيْر,F
درافشان,F
دُرَّة,F
درخشان,F
درخشنده,F
دردانه,F
دُرَر,F
دُرسا,F
دُرنا,F
دُرناز,F
درەخشان,F
دريا,F
درياب,F
درية,F
دُرين,F
دعاء,F
دُفْقَة,F
دل,F
دل آرام,F
دل افروز,F
دلارا,F
دِلَالَة,F
دلباز,F
دلبر,F
دلدار,F
دلربا,F
دلشاد,F
دَلْكَة,F
دلكش,F
دَلْمَا,F
دَلْمَة,F
دلناز,F
دلنواز,F
دَلْو,F
دَلْوَة,F
دَلِيلة,F
دڵنیا,F
دُنَى,F
دُنْيَا,F
دُهاة,F
دَهِيَّة,F
دَهْيَة,F
دوست,F
دَوْلَة,F
دولت,F
دوْماء,F
دَوْمَة,F
دۆست,F
ديانا,F
دِيَانَت,F
دِيْبَاح,F
ديدار,F
ديما,F
دِيمة,F
دينار,F
دِينارة,F
ذَابِرَة,F
ذَاخِرَة,F
ذارية,F
ذروة,F
ذَرَى,F
ذَكاء,F
ذَكَاوَت,F
ذِكْر,F
ذكرى,F
ذِكْرَيَات,F
ذهب,F
ذَهَبِيّة,F
ذهن,F
ذهني,F
ذُهْنِيَّة,F
ذِهْنيَّة,F
ذُهَيْبَة,F
ذَهِيْنَة,F
ذُو الحِجّة,F
ذوينة,F
رَءُوفة,F
رَأفة,F
رُؤْيَا,F
رَئِيْسَة,F
رئيفة,F
رائدة,F
رائفة,F
رائمة,F
رَابِحات,F
رَابحة,F
رَابِعَة,F
راتية,F
رَاثَان,F
رَاجِحَة,F
رَاحَة,F
راحلة,F
راحمة,F
رَاسِية,F
رَاغِبة,F
رَافِدَة,F
رَاكِدَة,F
راما,F
رامش,F
رامينا,F
رامينه,F
رَانِيَة,F
رايا,F
رَبَاء,F
رَبَاب,F
رُبَاب,F
رِبَاب,F
رَبْوَة,F
رُبَى,F
رَبِيْبَة,F
رَبيحة,F
رُبَيْحة,F
رَجَايَة,F
رَجْوَاء,F
رُحاب,F
رِحاب,F
رَحْبَت,F
رَحْقَة,F
رَحْمَانَة,F
رَحمة,F
رَحْمِي,F
رَحْمِيَّة,F
رَحُومَة,F
رَحِيبَة,F
رُحَيْبَة,F
رَحِيْل,F
رَحِيْلَة,F
رُحَيْلَة,F
رَحِيما,F
رحيمة,F
رُحَيْمة,F
رَخَاء,F
رُخَاء,F
رَخشان,F
رَخشنده,F
رَخْص,F
رَخَمَة,F
رَخُومة,F
رَخِيمَة,F
رَدِه,F
رَزان,F
رَزَانَة,F
رِزْقَا,F
رِزْقة,F
رَزْنَة,F
رَزِيْن,F
رَزِينة,F
رُزَيْنة,F
رُسُل,F
رِسْلِيَّة,F
رَشَا | رَشَاء,F
رَشَّادَة,F
رَشْدَاء,F
رُشَدَاء,F
رَشِيدا,F
رَشِيدَة,F
رَشِيقة,F
رَصِيفَة,F
رَصِيْنَة,F
رضا,F
رضوان,F
رَضْوَى,F
رعناء,F
رَغَّاد,F
رَغْدَة,F
رَغْدِيَّة,F
رَغُوبة,F
رَغِيبة,F
رَغِيدَة,F
رُغَيْدَة,F
رِفَاء,F
رِفَاعَة,F
رِفَاق,F
رَفَاهِية,F
رِفْعَت,F
رفقة,F
رِفْقَت,F
رَفُوع,F
رَفِيدَة,F
رُفَيْدَة,F
رُفَيدِيَّة,F
رَفِيْعَة,F
رَفِيفَة,F
رفيقة,F
رَقَّة,F
رِقَّة,F
رُقَيَّات,F
رقية,F
رَقْيَة,F
رقيمة,F
رَكْنَة,F
رَكِينَة,F
رَمْزَة,F
رمزية,F
رَمْلَاء,F
رَمْلَة,F
رَمْلَت,F
رُمَيْسَة,F
رُمَيْصَاء,F
رَنَّادا,F
رَنْدة,F
رنين,F
رَهَاء,F
رِهَام,F
رَهايف,F
رهْد,F
رَهِيف,F
رهيفاء,F
رُهَيْمة,F
رَوَاء,F
رُوَاء,F
رَوَاشِد,F
رَوَاشِدَة,F
رَوَايِح,F
روبيتا,F
رَوْثن,F
رَوْح,F
روحان,F
روحانا,F
رَوْحَة,F
رَوْحية,F
رودابه,F
روزا,F
روشا,F
روشان,F
روشن,F
روشنك,F
رُوفَا,F
روفة,F
رَوْفِيّة,F
رُومينا,F
روهينا,F
رويحة,F
رُوَيْحة,F
رُوَيْد,F
رويدا,F
رُويدة,F
رُوَيْضَة,F
رُوَيِّفة,F
رَيَّا,F
رِيَاح,F
ريَّان,F
ريحان,F
ريحانة,F
رَيْدا,F
رَيْدَة,F
رِيم,F
رِيَمة,F
زَائِدَة,F
زَائِرَة,F
زَادَة,F
زَارَة,F
زاريا,F
زَاكِيَة,F
زَاهِدَة,F
زاهرة,F
زاهية,F
زايدة,F
زَايِرَة,F
زبرين,F
زُبَيْدَة,F
زَر,F
زر افشان,F
زرآب,F
زرقا بانو,F
زرقا حبيبه,F
زرقا سلطانه,F
زرقاء,F
زرگل,F
زرگون,F
زرگونه,F
زرناب,F
زريان,F
زريرة,F
زرين,F
زرينه,F
زَغَاليل,F
زَغْلُوْلَة,F
زَكَاة,F
زَكِيَّة,F
زلطان,F
زلطانه,F
زُلْفَى,F
زَلُوج,F
زِمال,F
زمانه,F
زُمر,F
زمرد,F
زمردة,F
زميلة,F
زَنْبَقِيّ,F
زَنُورة,F
زنيرة,F
زنيره,F
زُهاء,F
زُهْدِيَّة,F
زُهْر,F
زهراء,F
زَهْرَة,F
زُهرة,F
زَهْرِيّة,F
زُهْرِيَّة,F
زَهْو,F
زهوة,F
زهور,F
زُهَيَّة,F
زَهيرا,F
زُهَيْرا,F
زهيرة,F
زَهِيْرَة,F
زەریا,F
زەڕگۆنا,F
زوال,F
زوالة,F
زونة,F
زُوَيْتِن,F
زَويلة,F
زُويلة,F
زُوَيْلَة,F
زيادة,F
زِيَارَة,F
زَيَّان,F
زِيان,F
زَيَّانا,F
زَيَّانَة,F
زِيَانَة,F
زيب,F
زيبا,F
زيبا طلعت,F
زيبارو,F
زيبنده,F
زَيْتُون,F
زَيْتُونة,F
زَيْن,F
زَيْنَبَة,F
زينة,F
زَينة,F
زيور,F
زێوەر,F
ڕەها,F
ڕوناک,F
ڕۆزا,F
ڕۆژا,F
ڕۆژان,F
ڕۆژبین,F
ڕۆژیا,F
ڕۆژیار,F
ڕۆژین,F
ڕۆشنا,F
ژاسمن,F
ژاسمين,F
ژاله,F
ژیلا,F
ژینا,F
ژینو,F
سؤدد or سودد,F
سَائِحَة,F
سَائِدَة,F
سابقة,F
سَاجِدَة,F
ساحله,F
سَادَات,F
سارا,F
ساران,F
سارة,F
سَارِحة,F
سارگل,F
سَارِيَة,F
سارينا,F
سازگار,F
سَاكِنَة,F
سَالِكَة,F
سالمة,F
سَالِي,F
سَامِعة,F
سَامِكَة,F
سامه,F
سَامِي,F
سامينا,F
سانا,F
ساناز,F
سانيا,F
ساهِرةٌ,F
سَايِدة,F
ساينا,F
سایە,F
سَبُعَة,F
سبيل,F
سُبَيْل,F
سبيلة,F
سپيده,F
سپێدە,F
سَتَّارَة,F
ستاره,F
ستايش,F
سَتْر,F
ستوده,F
سِتيا,F
سُتَيت,F
سَتِيرة,F
سَجْدَاء,F
سَجيدة,F
سُجَيْدة,F
سحرگل,F
سحرناز,F
سَخِيّة,F
سَدَدَة,F
سِدرة,F
سدرة المنتهى,F
سَدِينة,F
سُدَيْنة,F
سَرَّاء,F
سَرَاب,F
سَرّات,F
سِرَاج,F
سَرايا,F
سَرَاية,F
سِرَاية,F
سرمه,F
سَرو,F
سَرْوَة,F
سَروگل,F
سروناز,F
سروي,F
سروين,F
سرينا,F
سِعاد,F
سَعَادة,F
سَعَادت,F
سَعَايِدة,F
سَعْتَرة,F
سَعْداء,F
سُعَداء,F
سَعْدَانة,F
سَعْدُونة,F
سعدية,F
سَعْفَة,F
سعودة,F
سَعْيَة,F
سَعِيدَا,F
سَعِيدَانة,F
سَعِيدة,F
سُعَيْدَة,F
سَفّانة,F
سَفِيرة,F
سَفِينة,F
سُكَّر,F
سُكْنَة,F
سُكْنِيَّة,F
سَكِينَة,F
سُكَيْنَة,F
سِلَام,F
سلامة,F
سَلْسَبِيل,F
سَلْسَبِيلة,F
سُلْطَانة,F
سَلْطَنة,F
سُلَمَاء,F
سلمى,F
سُلْوَان,F
سَلْوَة,F
سَلُوفَة,F
سُلُوفَة,F
سَلُومَة,F
سَلْوَى,F
سَلِيطا,F
سَلِيْطَة,F
سَلِيمَا,F
سُلَيْمَا,F
سَلِيمات,F
سُلَيْمات,F
سليمة,F
سُلَيْمَة,F
سَلينا,F
سُلَيْوة,F
سَمَا,F
سَمَاء,F
سَمَائِي,F
سَمَاح,F
سَمَاحا,F
سَمَاحَة,F
سَمَارا,F
سَمَارَة,F
سَمّارة,F
سِمَارَة,F
سمانتا,F
سَمَاوات,F
سَمَاوة,F
سَمَاوِي,F
سِمّة,F
سَمْتَة,F
سَمْحَاء,F
سَمْحة,F
سَمْحِيَّة,F
سَمَر,F
سَمَرَ,F
سَمْعَانة,F
سَمَن,F
سمن رخ,F
سمن ناز,F
سُمُوّ,F
سَمْيَاء,F
سَمِيَّان,F
سُمَيَّة,F
سَمِيْحَة,F
سُمَيْحَة,F
سُمَيْرَاء,F
سميرة,F
سُمَيْرَة,F
سميكة,F
سَنا,F
سَناء,F
سَنَابِل,F
سنايا,F
سناية,F
سِنْبال,F
سُنْبُل,F
سُنْبُلَة,F
سَنَّة,F
سُنَّة,F
سِنّة,F
سَنْدَة,F
سُنْدُس,F
سَنَن,F
سُنَن,F
سُنُود,F
سُنْيَا,F
سَنِيَّات,F
سَنِيّة,F
سُهَا,F
سِهَاب,F
سُهَاد,F
سَهْلَة,F
سهلت,F
سُهَيْرَةٌ,F
سهيلاء,F
سُهَيْلَة,F
سهيمة,F
سواء,F
سَوَاء,F
سودة,F
سورا,F
سُورَة,F
سورمە,F
سورينا,F
سوزان,F
سوسن,F
سَوْسَنة,F
سوگند,F
سوما,F
سونا,F
سوناي,F
سويدة,F
سُوَيْدِس,F
سُوَيْراء,F
سُوَيْمَة,F
سِيَاده,F
سِيَاق,F
سَيْحَة,F
سِيَرا,F
سيران,F
سيرانوش,F
سِيرَة,F
سيما,F
سيماب,F
سِيْنِيْن,F
شأن,F
شائقة,F
شَابِنَة,F
شَابِيَة,F
شاداب,F
شادان,F
شادلين,F
شادي,F
شَادِيَّة,F
شاديه,F
شَاذّة,F
شارا,F
شَارَة,F
شَارِقَة,F
شَاريّ,F
شازاد,F
شَافِيَت,F
شاكرت,F
شَاكِرِيَّة,F
شَامِخَة,F
شَامِسَة,F
شاناز,F
شاه‌پري,F
شَاهِدة,F
شَاهِرَة,F
شاهناز,F
شاهين,F
شايا,F
شايان,F
شايسته,F
شَايِقَة,F
شَبَّابة,F
شباهنگ,F
شَبْلَاء,F
شِبْلة,F
شَبنم,F
شَبِيبَة,F
شَبِيرَة,F
شَجَرة,F
شَجْعاء,F
شَجِيعة,F
شُجَيْعَة,F
شَذْرَة,F
شَرَارة,F
شَرَّاقة,F
شُرَفاء,F
شَرمين,F
شَرمينه,F
شَروفة,F
شُرُوق,F
شَرِيفة,F
شعله,F
شَغْف,F
شِفَاء,F
شُفَّافة,F
شَفَق,F
شَفَقَات,F
شَفْيَاء,F
شِفِّيَّة,F
شَفِيفَة,F
شَفِيْقَة,F
شُفَيْقة,F
شَقَائِق,F
شقايق,F
شَقْحَا,F
شَقْحَة,F
شَقْرة,F
شُقْرَة,F
شَقِرِيَّة,F
شُقرية,F
شُقُور,F
شُقَيْرا,F
شَقِيْرَة,F
شَكَّارة,F
شكرانه,F
شَكُوْرَة,F
شكوفا,F
شكوفه,F
شكوه,F
شكيبا,F
شكيلا,F
شَلَّال,F
شُلَيخة,F
شَمَّام,F
شَمَّامَة,F
شَمْخَة,F
شمرة,F
شمس,F
شمس جهان,F
شمسة,F
شمشاد,F
شَهَادَة,F
شَهْباء,F
شُهْبة,F
شُهَدَاء,F
شُهْدَة,F
شهدخت,F
شهربانو,F
شهرزاد,F
شهرو,F
شهزاد,F
شهگل,F
شهلاء,F
شَهْمَة,F
شُهَيْبَة,F
شُهَيْدة,F
شَهِيْرَة,F
شُهَيَرة,F
شهين,F
شَوَابّ,F
شَوْرَا,F
شُورَا,F
شورة,F
شَوْق,F
شَوْقَت,F
شَوْقيَّة,F
شُوَيْحة,F
شَيْخَاء,F
شيدا,F
شيدرخ,F
شيده,F
شِيرا,F
شيرين,F
شِيفَاء,F
شيفته,F
شيلا,F
شيلان,F
شَيَماء,F
شِيمة,F
شيوا,F
شێوە,F
صَائِبة,F
صَابِرة,F
صَاحِبة,F
صَاحِيَة,F
صَادِقَة,F
صارمة,F
صَاف,F
صَافِيَة,F
صَالِحَات,F
صالحة,F
صَايِبَة,F
صَايِرَة,F
صَبا,F
صِبا,F
صَبَاحة,F
صُبَاحة,F
صَبَّارة,F
صَبَّاغَة,F
صَبْحَاء,F
صُبَحَة,F
صُبْحة,F
صَبْري,F
صَبْرِيّة,F
صبغة,F
صَبُورَة,F
صَبِيبَة,F
صُبَيْبَة,F
صَبِيحَة,F
صُبَيْحَة,F
صَحارِي,F
صَحْبة,F
صُحْبَة,F
صَدَاقَة,F
صَدَف,F
صَدَفَة,F
صَدَقَات,F
صَدَقَة,F
صُدُوْر,F
صَدِيقَة,F
صُدَيْقَة,F
صِدِّيقة,F
صِرَاط,F
صريمة,F
صفاء,F
صُفَّة,F
صِفَة,F
صَفْوَات,F
صفوانة,F
صَفْوَة,F
صَفْوَت,F
صَفِيّ,F
صَفِيَّة,F
صَقْرَة,F
صَقْريّة,F
صَلَاة,F
صَلَوَات,F
صَلُّوحَة,F
صَلِيحة,F
صِمَّا,F
صَمَّادة,F
صَنْعاء,F
صَنُوْبر,F
صُهَيْبَة,F
صَوالح,F
صَوَالحة,F
صَوْلَة,F
صَيَّادَة,F
صِيَام,F
ضامرة,F
ضَامِنَة,F
ضَحَاء,F
ضحاكة,F
ضحك,F
ضُحَى,F
ضَحْيَا,F
ضَحْيَان,F
ضرغمة,F
ضرفاء,F
ضُرْمَة,F
ضَفَاء,F
ضِفَاف,F
ضَمَائِر,F
ضمير,F
ضوء فشان,F
ضَوْئِيَّة,F
ضوريز,F
ضوريزه,F
ضونة,F
ضياء,F
ضَيْغَم,F
ضَيْغَمَة,F
ضيفة,F
طارقة,F
طَالِبَة,F
طاهرة,F
طَاوُس,F
طَايِلَة,F
طَرْخُونَة,F
طَرِيفَة,F
طِعْمَة,F
طَفْلَة,F
طَفْلِي,F
طَلْعَة,F
طلعت,F
طَهِيرَة,F
طَوَاف,F
طُوْبَى,F
طُوفَان,F
طَوْلَة,F
طَوِيلَة,F
طَيِّبَات,F
طَيّبَة,F
طَيْبَة,F
ظافرة,F
ظِبَأء,F
ظَبيّ,F
ظُبِيّ,F
ظَبْيَة,F
ظَرْفَات,F
ظُرْفَة,F
ظَرِيْفَة,F
ظَفَر,F
ظفيرة,F
ظل,F
ظل إلهي,F
ظل القمر,F
ظل الله,F
ظل قمر,F
ظل يزدان,F
ظِلال,F
ظلة,F
ظُلَّة,F
عَائِدَة,F
عائشة,F
عائضة,F
عَابِدَة,F
عَابِرَة,F
عَاتِق,F
عَاتِقَة,F
عَاتِكَة,F
عَادِلَة,F
عارشة,F
عَارِفَة,F
عَازِلَة,F
عَاشِقَة,F
عاشية | آشية,F
عَاصِفَة,F
عاصمة,F
عَاطِرَة,F
عَاطِفَة,F
عاطفه,F
عاطية,F
عَافَة,F
عافرة,F
عَافِيَة,F
عَافِيَت,F
عَافِيْن,F
عَاقِبَة,F
عَاقِل,F
عَاقِلَة,F
عَاكِفَة,F
عَالَم,F
عالم آرا,F
عالم افروز,F
عَالِمَة,F
عالية,F
عَامِرَة,F
عاملة,F
عَانِيَة,F
عاهدة,F
عاهنة,F
عَايِضَة,F
عِبَادات,F
عِبَادة,F
عَبَاسَة,F
عَبال,F
عَبْدِية,F
عِبْرَة,F
عبرت,F
عَبُّورة,F
عُبَيَّا,F
عُبَيَّات,F
عَبية,F
عُبَيْدة,F
عَبِيْر,F
عَبِيْرَة,F
عَتْقاء,F
عَتِيْقَة,F
عُتَيِّقة,F
عُثْمَانة,F
عَجَب,F
عَجَم,F
عجوة,F
عَجِيب,F
عَدَالة,F
عَدَان,F
عَدْلا,F
عَدْلة,F
عَدْلِيَّة,F
عَدَن,F
عَدْن,F
عَدْنَانة,F
عَدَنِيَّة,F
عَدْنِيَّة,F
عَدَويَّة,F
عَدِيْلَة,F
عُدينة,F
عَذَاري,F
عَذْبة,F
عَذْرَا,F
عُذْرَت,F
عَذِيبَة,F
عُذَيْبَة,F
عَرَار,F
عَرَارة,F
عَرْش,F
عَرْشَان,F
عَرْض,F
عُرْضَة,F
عَرْف,F
عَرْفَانة,F
عِرْفَانَة,F
عِرفة,F
عَرُوْب,F
عَرُوْبَة,F
عَرُوبِيّة,F
عُروة,F
عَرُوْس,F
عَرُوْسَة,F
عَرُوْفَة,F
عريش,F
عريشة,F
عَرِيفَة,F
عُرَيْفة,F
عَرِيقات,F
عَرِيْقَة,F
عَرِينَة,F
عَزَّا,F
عِزَّا,F
عَزَايز,F
عَزَّة,F
عَزَّت,F
عِزَّتْ,F
عَزْرَة,F
عزمية,F
عِزِّي,F
عزيزة,F
عُزَيْزة,F
عزيمة,F
عسل,F
عَسَلِيّ,F
عِشْرَة,F
عَشِيْقَة,F
عِصام,F
عُصْرَات,F
عَصْفُوْر,F
عصفوره,F
"عصمة، عصمت",F
عِضْمَة,F
عَطَّارة,F
عَطَافَة,F
عَطَّاوَة,F
عَطَايا,F
عَطَايَات,F
عَطْفة,F
عَطْفَت,F
عَطُوبَة,F
عَطِيَّا,F
عَطِيَّات,F
عَطِيبَة,F
عطية,F
عَطِيَّة الله,F
عَطِيْرَة,F
عُطَيْرة,F
عَطِيف,F
عَطِيفَة,F
عِظْمَت,F
عَفَاف,F
عَفَّانَة,F
عِفَّة,F
عِفَّت,F
عَفْرَاء,F
عَفِيْرَة,F
عُفَيْرَة,F
عَفيفة,F
عَقْرَب,F
عَقِيْدَة,F
عَقِيْق,F
عَقِيْلَة,F
عَلَّامة,F
عِلان,F
عَلَايَا,F
عِلْم,F
عُليا,F
عَلْياء,F
عَلْيَانَة,F
عليّة,F
عِلِّيَّة,F
عِلْيَة,F
عَلِيْمَة,F
عِلِّيِّين,F
عمارة,F
عَمَّان,F
عمبر,F
عُمْرَة,F
عُمَيْرَة,F
عَنَان,F
عِنَان,F
عِنَايات,F
عَناية,F
عِناية,F
عِنَاية الله,F
عِنَب,F
عِنَبَة,F
عنبرين,F
عَنْتَرَة,F
عندليب,F
عَنُوْد,F
عَنُوش,F
عُنَيترة,F
عَنِيْزَة,F
عُنَيْزِيّ,F
عَهْد,F
عُهْدَة,F
"عهدية، عهديه",F
عُهُوْد,F
عَهِيدَة,F
عُهَيْدة,F
عَوَارِف,F
عُوَارِيَة,F
عَوَّاضَة,F
عَوَاطِف,F
عَوَافِطَة,F
عَوَامِرَة,F
عَوَامِلَة,F
عَوَايِدَة,F
عَوَايِديَّة,F
عَوَايِشَة,F
عَوَايْضَة,F
عُوَيْدَات,F
عَوِيْسَة,F
عُوَيْضَة,F
عُوَيْقِبَة,F
عَيَّاشَة,F
"عيانة، أيّانَة",F
عيدان,F
عيدانة,F
عَيْدَانِيّة,F
عيشة,F
عَين,F
عَيْنَاء,F
عَيْنِيّ,F
عيّوش,F
عَيُّوْشَة,F
عُيَيْنَاء,F
غَادَة,F
غَادِنَة,F
غَادِيَة,F
غَازِيَة,F
غَاسِنَة,F
غَافِرَة,F
غَالِبَة,F
غَالِيا,F
غَالِيَة,F
غَانِيَة,F
غَايَة,F
غايت,F
غَدَّاء,F
غُدْوَة,F
غَرَام,F
غُرَّة,F
غُرَيْبَة,F
غَرِيدة,F
غَرِيزَات,F
غَرِيزَة,F
غَرِيسَة,F
غُرَيْسَة,F
غزال,F
غَزَالات,F
غَزَالة,F
غَزَلْ,F
غِزْلان,F
غَزُولَة,F
غُزِيل,F
غُصْنَة,F
غَضِّيَة,F
غَضِيَّت,F
غَفَّارَة,F
غُفْران,F
غُفْرة,F
غنچه,F
غَنِيَّة,F
غَوانِي,F
غُوَيْدَة,F
غَيْثَة,F
غيثت,F
غَيْدَاء,F
فُؤَادة,F
فائز النساء,F
فائزة,F
فائقة,F
فَاتِحَة,F
فَاتِرِيَّة,F
فَاحِصَة,F
فَاخِرَة,F
فَادِيَة,F
فارعة,F
فَارِقَة,F
فَاضِلَة,F
فَاطِمَة,F
فَاطِنَة,F
فَاغِرَة,F
فَاكِهَة,F
فَالِح,F
فَالِحَة,F
فَاهِمَة,F
فَتَاة,F
فَتّاحة,F
فَتْحِيَّة,F
فَتُّوحة,F
فُتَيْحَة,F
فَجْر,F
فَخْر,F
فخرجهان,F
فَخْرِيّ,F
فِدَاء,F
فَدْوَة,F
فَدْوَى,F
فَرَائِد,F
فُرَات,F
فَرَّاجة,F
فَرَّاحة,F
فَرَّادة,F
فراز,F
فَرَاشَة,F
فَرانه,F
فِرْتَان,F
فُرْجَة,F
فَرَح,F
فَرْحاتة,F
فَرحانة,F
فَرْحة,F
فرح‌دخت,F
فرح‌روز,F
فرحزاد,F
فرحناز,F
فرح‌نوش,F
فرحين,F
فرخ,F
فرّخ,F
فرّخ‌ناز,F
فردان,F
فَرْدانة,F
فرزان,F
فرزانه,F
فِرْزَة,F
فرزين,F
فرشيده,F
فُرْصة,F
فُرْصَت,F
فرناز,F
فرنگیس,F
فرنيا,F
فَرَهاء,F
فَرْوَة,F
فروردين,F
فروز,F
فروزان,F
فروزنده,F
فروغ,F
فريا,F
فِرْيَال,F
فريبا,F
فُرَيْحَات,F
فريحة,F
فُرَيْحَة,F
فَرِيحت,F
فُرَيْحت,F
فريدا,F
فَرِيْدَة,F
فريدخت,F
فريسا,F
فريعة,F
فريما,F
فريماه,F
فَري‌مهر,F
فرين,F
فرينا,F
فريناز,F
فرينوش,F
فريوش,F
فَزَار,F
فِضَّة,F
فِضِّي,F
فِضِّيَّة,F
فَضِيلات,F
فَضِيلة,F
فُضَيْلة,F
فِطْرة,F
فَطُوم,F
فَطُّومَة,F
فَطِيم,F
فَطِيمَة,F
فُطَيْمة,F
فَطِيمت,F
فَقِيْهَة,F
فِكْر,F
فِكْرَات,F
فِكْرَت,F
فِكْرِي,F
فِكْرِيا,F
فِكْرِيَّة,F
فُكَيْرا,F
فُلّة,F
فَلَق,F
فَلَك,F
فلك آرا,F
فَلَيحة,F
فُلَيْلَة,F
فَنَّانَة,F
فَهّادة,F
فهّامة,F
فَهْدة,F
فَهْمت,F
فُهَيْدا,F
فُهَيْدة,F
فَهِيمَات,F
فهيمة,F
فَوَّازا,F
فَوْز,F
فَوْزة,F
فَوْزِيَّا,F
فَوْزيَّة,F
فوژان,F
فَيَّة,F
فَيْتَحة,F
فَيْحَاء,F
فَيْحة,F
فيروز,F
فيروزة,F
فيروزه,F
فَيْضيّ,F
قَابلا,F
قَابِلة,F
قانتة,F
قِبْلَة,F
قَدَارة,F
قُدّرة,F
قَدْرِيّ,F
قَدْريّة,F
قُدْوَة,F
قَدُّورَا,F
قَدُّورة,F
قَدُومَة,F
قَدِيرة,F
قُدَيْرة,F
"قراءة، قراءات",F
قُرْب,F
قُرَّة,F
قُرّة,F
قرّة العين,F
قَرُورة,F
قَرِيْرَة,F
قَرِين,F
قَسَّامَة,F
قَسْمَاء,F
قِسْمَة,F
قِسْمَت,F
قَسُومَة,F
قَسِيمَة,F
قُسَيْمة,F
قِلادة,F
قَلِيب,F
قَمَر,F
قُمْر,F
قَمَرَات,F
قَمِرَة,F
قُمْرَة,F
قَمْرون,F
قَمَرِيّ,F
قُمْرِيّ,F
قَمَرِيَّة,F
قُنَّة,F
قِنْدِيل,F
قِنْدِيلة,F
قُوَّة,F
قِيَادَة,F
قِيَام,F
قَيْسَة,F
قَيِّمة,F
كائِنَات,F
كائنة,F
كَاتِبة,F
كَارِمَة,F
كَاظِمة,F
كَافية,F
كَامِلَا,F
كَامِلَات,F
كاملة,F
كَبِيْرَة,F
كَتَّامَة,F
كَتِيبَة,F
كَحَّالَة,F
كَحَل,F
كُحْل,F
كَحْلا,F
كُرَام,F
كِرَام,F
كرَامة,F
كَرَم,F
كَرَوَان,F
كَرِيْمَة,F
كَژال,F
كسوة,F
كَشَّاف,F
كِفَاح,F
كِفَاحَة,F
كِفَايَة,F
كِفَاية الله,F
كُلبهار,F
كلثوم,F
كُلْثُوم,F
كلثومة,F
كُلْثُومة,F
كَلِفَة,F
كُلْفَة,F
كُلْفَت,F
كَلِمَة,F
كُلَيْثم,F
كَمَالَة,F
كَمَالِيَّة,F
كَمَايِلَة,F
كَمِّلَا,F
كُمَيْلَة,F
كُمَيْليَة,F
كِنَانةَ,F
كُنْدَس,F
كَنْدُوس,F
كِنْدِيَّة,F
كَنْزَة,F
كُنَيْزة,F
كُوْفَة,F
كَوْكَب,F
كوكبة,F
كَوْنَا,F
كَوْنَة,F
كَوْنَيْن,F
كيارا,F
كيانا,F
كياناز,F
كياندخت,F
كيانه,F
كيميا,F
كِيهانه,F
كيواندخت,F
کارین,F
کازیوه,F
کانی,F
کانیا,F
کانیاو,F
کتانه,F
گرد,F
گشين,F
گل‌آرا,F
گلاب,F
گِلاره,F
گل‌افروز,F
گل‌افشان,F
گُلاله,F
گُلان,F
گِلاويژ,F
گلباران,F
گل‌بخت,F
گلبَر,F
گلبرگ,F
گل‌بهار,F
گلبوته,F
گلپاره,F
گلپر,F
گلپري,F
گلپسند,F
گل‌پيكر,F
گل‌جهان,F
گل‌چمن,F
گلچهر,F
گلچين,F
گل‌خندان,F
گلخنده,F
گلدار,F
گلدانه,F
گلدخت,F
گلديس,F
گلرخ,F
گلريز,F
گلزاد,F
گلزار,F
گلزر,F
گلزري,F
گلسا,F
گلستان,F
گلستانه,F
گل‌سرخ,F
گل‌سيما,F
گلشا,F
گلشاد,F
گلشكر,F
گلشَن,F
گلشيد,F
گلطلا,F
گلعذار,F
گلفام,F
گلفر,F
گل‌گيس,F
گلمهر,F
گلنار,F
گلناز,F
گلنام,F
گل‌نسا,F
گلنوش,F
گُلين,F
گوهر,F
گوهرشاد,F
گوهرناز,F
گيتا,F
گيتي,F
گيتي‌افروز,F
لَآلئ,F
لَألَاء,F
لُؤْلؤة,F
لَائِقَة,F
لابسة,F
لاريسا,F
لَازِمَة,F
لاله,F
لاله‌زار,F
لَامِحَة,F
لانَ,F
لاوين,F
لُبَابَا,F
لُبَابَة,F
لَبِيْبَا,F
لَبِيبَة,F
لُبَيْبَة,F
لُجَيْن,F
لَحْظَة,F
لَدِينَا,F
لَدِينَة,F
لَسْنَا,F
لَسِنِيَّة,F
لَطَافَت,F
لَطَايف,F
لُطْفَة,F
لَطِيْفَة,F
لُطَيْفَة,F
لُغَة,F
لِقَاء,F
لَمَعَان,F
لَمْعَة,F
لُمَيْحَة,F
لُهَا,F
لُهَام,F
لَهْجَة,F
لِوَاء,F
لَوَاحظ,F
لَوِيح,F
لُوَيْحة,F
لَيَّاسَة,F
لَيَال,F
لَيان,F
لِيان,F
لَيانا,F
لَيَّانة,F
لِيانَةٌ,F
لَيْثَا,F
لَيْثَة,F
لَيْل,F
لَيْلَات,F
لَيْلَان,F
لَيْلَة,F
ليلوفر,F
ليلى,F
لَيْلِيّ,F
ليليا,F
لَيْلِيَّة,F
لَيِّنٌ,F
لِينٌ,F
ليّنة,F
لِينَةٌ,F
لِينيَّة,F
مَآب,F
مآرب,F
مأرب,F
مَأْوَى,F
مُؤْمِنَات,F
مؤمنة,F
مُؤْمِنِيْن,F
مؤنسة,F
مائرة,F
مائزة,F
ماتعة,F
مَاجِدا,F
مَاجِدة,F
مادحة,F
مَارْوَة,F
مازنة,F
مانا,F
ماندگار,F
ماه,F
ماه پسند,F
ماه منیر,F
ماه‌آفرين,F
ماهانا,F
ماه‌پري,F
ماه‌پيكر,F
ماهتاب,F
ماه‌تابان,F
ماه‌جهان,F
مَاهِدَة,F
ماه‌دخت,F
مَاهِرَة,F
ماهرخ,F
ماهرخسار,F
ماهرو,F
ماهشيد,F
ماهك,F
ماه‌نِسا,F
ماه‌نگار,F
ماه‌نوش,F
ماهوَر,F
ماه‌وش,F
ماهين,F
مَاوِيَّة,F
مايا,F
مبارك,F
مبدعة,F
مَبْرُوكة,F
مِبْكَار,F
مُبِيْن,F
مُبِينَا,F
مَبِينَة,F
مَثْلَاء,F
مُثَلَاء,F
مُثْلَى,F
مَثْنَوِيّ,F
مَثْوَى,F
مَثِيلَة,F
مُثَيْلَة,F
مَجَال,F
مُجَاهِدَة,F
مُجْتَهِدة,F
مجد,F
مَجْدَة,F
مُجِدَّة,F
مَجْدِيَّة,F
مُجِلَّة,F
مجيبة,F
مَجِيدَة,F
مُجِيدَة,F
مُجِيرَة,F
محاسن,F
مَحَبَّات,F
مُحِبَّات,F
مَحْبُوب,F
مَحْبُوبَة,F
مُحْتَرَمة,F
مُحْتَرِمة,F
مَحْرُوسَة,F
مُحِزَّت,F
مُحَسَّنة,F
مُحَسِّنة,F
مُحْسِنَة,F
مَحْسُومَة,F
مَحْسُونَة,F
مَحْفُوظة,F
مَحْمُودة,F
محيا,F
مُخْتَارة,F
مُخَلِّصَة,F
مُخْلَصَة,F
مُخْلِصَة,F
مُدَثِّرَة,F
مِدْحَة,F
مِدْحَت,F
مَدِيحا,F
مَدِيحَة,F
مَدِينا,F
مدينة,F
مُرَادَات,F
مُرَاضِيَة,F
مَرَام,F
مَرَانَتْ,F
مرجان,F
مرجانة,F
مَرْجَانِي,F
مَرْجُوَّة,F
مرجية,F
مرجينة,F
مَرَحْ,F
مَرْحَا,F
مَرِحَات,F
مُرْزَقَة,F
مُرْزِقَة,F
مَرْزُوقَة,F
مِرْسَالَة,F
مُرْسَلَة,F
مُرْسِلَة,F
مُرْسَلِيْن,F
مُرْشِدَا,F
مُرْشِدَة,F
مرضية,F
مُرْضِيَة,F
مَرْغَا,F
مَرْغَة,F
مَرمَر,F
مَرْمَرَا,F
مَرْمَرِي,F
مَرْمُورِي,F
مِرْوَاء,F
مُرواريد,F
مَرْوَانَة,F
مَرْوَةٌ,F
مُرَيْحَة,F
مُرِيحَة,F
مَرِيخ,F
مُرِيدَة,F
مَرِيرَة,F
مريم,F
مُزْدَلِفَة,F
مُزَّمِّل,F
مُزن,F
مِزن,F
مُزنة,F
مِزنة,F
مُزْهِرَة,F
مِزْيَان,F
مَزِيَّة,F
مُزَيَّنَة,F
مُزَيْنَة,F
مَزْيُونَة,F
مژده,F
مژگان,F
مسار,F
مَسَاكِن,F
مُسَاوِيَة,F
مُسَبِّحَة,F
مست,F
مستانه,F
مَسْتُور,F
مَسْتُورَة,F
مُسْدِيَة,F
مسرة,F
مَسَرَّت,F
مَسْرُور,F
مُسْعَدَة,F
مُسْعِدَة,F
مُسْعَفَة,F
مُسْعِفَة,F
مَسْعُودَة,F
مَسْعُودِيّة,F
مسفرة,F
مُسْكَة,F
مِسْكَة,F
مِسْكِيَّة,F
مِسْلَافَة,F
مُسْلِمَاء,F
مَسْلَمة,F
مُسْلِمَة,F
مُسَمَّى,F
مُسَيِّب,F
مَشَاء,F
مَشَار,F
مَشَارة,F
مَشَارِقة,F
مشاعل,F
مَشَاهِرَة,F
مَشْتَا,F
مُشْتَاق,F
مُشْتَرِي,F
مُشَرَّفَة,F
مُشْرِفَة,F
مُشَرَّفِيّ,F
مُشْعَاء,F
مشعال,F
مِشْعَاليّ,F
مُشِعَّة,F
مشعل,F
مُشْعِلة,F
مَشْعُورَة,F
مشكاة,F
مشيئة,F
مُشِيرة,F
مصباح,F
مِصْبَاحَة,F
مَصْبُوبة,F
مِصْريَّة,F
مُصْلِحة,F
مُصَوَّرة,F
مَصُوص,F
مَصْيُونة,F
مُضِيئة,F
مَطَاف,F
مَطَاهِر,F
مَطَرَا,F
مَطَرة,F
مَطْلُوبَة,F
مُطْمَئَنَّة,F
مُطْمَئِنَّة,F
مَطِيرة,F
مُطَيْرة,F
مُطِيعَة,F
مُعَادة,F
مَعَارِج,F
مَعَاش,F
مُعَاوَدَة,F
مُعَاوِدَة,F
مُعَايَدَة,F
مُعْتزة,F
مُعْجَبة,F
مُعْجِبة,F
مُعِدَة,F
مَعْدُولَة,F
مَعْرِفة,F
مُعرِّفة,F
مَعْرِفة الدِّين,F
معزة,F
مُعِزَّة,F
مُعَزِّرَة,F
مَعْزُوزة,F
مِعْطَاء,F
مُعْطِية,F
مُعَمِّيرة,F
مَعْنَة,F
مُعَنْتِرة,F
مُعَيِّد,F
مُعَيِّدة,F
مُعِيدة,F
مَعيشة,F
مَعِيْن,F
معينة,F
مُعِيْنَة,F
مَغْدة,F
مَغْفِرَة,F
مُغِيثَة,F
مفاز,F
مفازة,F
مِفْتَاح,F
مِفْتَاحَة,F
مَفْتُوْح,F
مِفراح,F
مَفْضَلَة,F
مُفَضَّلَة,F
مُفَضِّلَة,F
مُفْلِحَة,F
مُفِيدة,F
مُفِيضة,F
مَقْبُولَة,F
مَقْصُورة,F
مُكَافَاة,F
مَكَانَا,F
مَكْرَمة,F
مَكْرُمَة,F
مُكَرَّمة,F
مُكَوِّنَة,F
مَكِّيَّة,F
مكين,F
مَكِينَة,F
مَلَاحَة,F
مُلان,F
ملحان,F
مُلْحَة,F
مُلْحَتْ,F
مَلِكَة,F
مَلِك‌ناز,F
مُلُوكة,F
مليحة,F
مليسا,F
مَلِيكَات,F
مَلِيْكَة,F
مُمْتَازَة,F
مَمْدُوحَة,F
مُنَاجِدَة,F
مُنَادِيَات,F
مُنَادِيَة,F
منار,F
مُنَار,F
منارة,F
منَارِي,F
منال,F
مَنَاليَّا,F
مُنَامِرة,F
مِنْبَرة,F
مِنَّة,F
مِنَّة الله,F
مُنْتَصِريَّة,F
مُنْجِدَة,F
مَنْجَى,F
مَنْحِيَّة,F
مُنْدِيَة,F
مُنْشِدَة,F
مَنْصُورة,F
مَنْصُورِيَّة,F
مَنْظُورة,F
مُنْعَم,F
مُنَقَّى,F
مِنْهَاج,F
مِنْهَال,F
مَنْهَل,F
مُنَى,F
مُنْيا,F
مُنيبة,F
مُنْيَة,F
مَنِيحَة,F
منيرة,F
مَنيژه,F
مُنِيفَة,F
مَه جَبین,F
"مه نور، ماه نور",F
مَها,F
مِها,F
مهاباد,F
مُهَاجِرَة,F
مِهَاد,F
مَهّادة,F
مَهَارة,F
مَهان,F
مَهبان,F
مِهبانو,F
مَهتا,F
مَهتاج,F
مُهْجَا,F
مُهْجَة,F
مَهْد,F
مَهْدَة,F
مُهْدَة,F
مهدية,F
مَهديس,F
مَهديسا,F
مهرآذر,F
مهرآذين,F
مهرآرا,F
مهرآسا,F
مهرآفرين,F
مهرآنا,F
مهرآوه,F
مهرآيين,F
مِهرا,F
مهراب,F
مهرابه,F
مِهرافروز,F
مِهران‌دخت,F
مِهرانگيز,F
مهرانوش,F
مهربان,F
مِهربانو,F
مِهرجان,F
مِهرجهان,F
مِهردخت,F
مِهرسا,F
مهرشيد,F
مِهرك,F
مِهرگان,F
مِهرگل,F
مِهرناز,F
مِهرنسا,F
مِهرنِگار,F
مِهرنوش,F
مِهرنيا,F
مَهروز,F
مِهري,F
مِهرين,F
مِهزاد,F
مَهسا,F
مَهسان,F
مهستا,F
مَهستي,F
مَهفام,F
مَهكامه,F
مَهگل,F
مَهْلَاء,F
مُهْلَة,F
مُهَنَّا,F
مَهنام,F
مُهَنَّة,F
مُهَنَّدة,F
مُهَنْدَمَة,F
مِه‌نيا,F
مَهُولة,F
مَهيا,F
مه‌ياس,F
مُهَيرة,F
مَهيسا,F
مهين‌دخت,F
مَوَادة,F
مَوْجُودَة,F
مودة,F
مَوْسِم,F
مَوْعِظَة,F
مَوْعُودَة,F
مَوْفَاء,F
مَوْمَة,F
مُوَيَّدا,F
مُويَّدة,F
مُويِّدة,F
ميترا,F
مِيْثَاق,F
مَيْثة,F
مَيْدان,F
مِيرال,F
مَيْسَرة,F
مُيَسَّرة,F
مُيَسِّرَة,F
ميسم,F
ميسورة,F
ميشا,F
ميمون,F
ميمونة,F
مينا,F
مينو,F
مينودخت,F
ميهن,F
نَائِرَة,F
نَائِفَة,F
نَائِلَا,F
نائلة,F
نَابِغَة,F
نَاجِحَة,F
نَاجِدَا,F
ناجدة,F
نَاجِية,F
نَادِرَا,F
نَادِرة,F
نَاديا,F
نادية,F
ناردانه,F
ناردین,F
نارگل,F
ناروَن,F
ناروُن,F
نارین,F
نارینا,F
نارینه,F
نازلار,F
نازنین,F
نازيك,F
نازيلا,F
نازی,F
نازیتا,F
ناسخة,F
ناسكة,F
نَاشِئَة,F
نَاشِدة,F
نَاصِحَة,F
ناضرة,F
نَاظِمَة,F
نَاعِمَة,F
نَافِذَة,F
نَاقِل,F
نَاقِلَة,F
نَامِيَة,F
نَاهِضة,F
ناهید,F
ناهیده,F
نَاير,F
نبأ,F
نُبْلا,F
نَبَهَات,F
نَبْهَانة,F
نَبِيْلَة,F
نَبِيهة,F
نُتُوّ,F
نجاة,F
نَجَاة,F
نِجَارة,F
نِجَارَت,F
نَجْحَة,F
نَجْدَة,F
نَجْلَاء,F
نَجْلَان,F
نَجْلَة,F
نَجْلَت,F
نَجْم,F
نَجْمَا,F
نَجْمَة,F
نَجْمِيَّة,F
نَجُود,F
نُجود,F
نَجومة,F
نَجْوى,F
نَجِيبة,F
نَجِيَّة,F
نَجِيدة,F
نُجَيْدَة,F
نَجِيمة,F
نُجَيْمة,F
نِحْلَة,F
نَخْلَة,F
نَخِيل,F
ندَّاء,F
نَدَّاء,F
نِداء,F
نِدّات,F
نَدْرَة,F
نُدْريَّة,F
نَدَى,F
نَدِيرة,F
نُدَيرة,F
نَذِيرة,F
نُذَيرة,F
نرمین,F
نُزْها,F
نُزْهَة,F
نُزْهَت,F
نِسَاء | نِسَا,F
نَسار,F
نِسْبَة,F
نِسْبَت,F
نِسْبيّ,F
نسرين,F
نِسْمَة,F
نِسْمت,F
نِسْوة,F
نَسِيْبَة,F
نُسَيْبَة,F
نسيفة,F
نَسيما,F
نُسَيْمَة,F
نَسيمه,F
نَشمیل,F
نشوان,F
نُشور,F
نَصَاير,F
نُصْرَة,F
نَصْرَت,F
نُصْرَت,F
نَصِيرا,F
نَصِيرة,F
نُصَيْرة,F
نَضَارَة,F
نِضَالَة,F
نضرة,F
نَضِيرة,F
نُضَيْرة,F
نَظْميَّة,F
نَظِيف,F
نَظِيمة,F
نُعْم,F
نِعَم,F
نِعَم الله,F
نَعْمَاء,F
نِعْمَات,F
نِعْمَة,F
نِعْمَة الله,F
نِعْمَت,F
نَعوم,F
نُعَيْم,F
نَعِيمات,F
نُعَيْمَات,F
نعيمة,F
نُعَيْمة,F
نَغَمت,F
نَفَحات,F
نفيسة,F
نَقَاوة,F
نُقَاوة,F
نُقْرة,F
نُقره,F
نَقشين,F
نَقِيْبَة,F
نِگاره,F
نگارین,F
نِگاه,F
نِگين,F
نِلي,F
نُمُوّ,F
نمونه,F
نَهَّاد,F
نَهَار,F
نهال,F
نهاله,F
نَهْجَة,F
نَهْران,F
نَهْوَة,F
نُهى,F
نُهْية,F
نەورۆز,F
نَوا,F
نَوَات,F
نَوَّار,F
نُوَّار,F
نَوَّارة,F
نُوَّارة,F
نوال,F
نَوَّال,F
نوبَر,F
نوبهار,F
نَوْر,F
نُورٌ,F
نور العين,F
نُورا,F
نَوَراء,F
نوران,F
نورانگيز,F
نورة,F
نَوْرة,F
نُورَت,F
نُوُرتَاج,F
نَوْرتَان,F
نَوْرَتَيْن,F
نَوْرَس,F
نورُسته,F
نورشاه,F
نورصبا,F
نُورِل,F
نُوَرهان,F
نوريّة,F
نورين,F
نوژان,F
نوژين,F
نوش‌آفرين,F
نوشا,F
نوشه,F
نوشين,F
نَوْضَاء,F
نَوْفَاء,F
نَوْفَة,F
نَوْفَلة,F
نوگل,F
نَوْلا,F
نُون,F
نُونِي,F
نُوَيْرة,F
نویده,F
نِيَّات,F
نِيَازي,F
نَيِّرة,F
نَيْزَك,F
نَيْعَمِي,F
نيكدخت,F
نيكناز,F
نَيْلَا,F
نِيلا,F
نِيلَة,F
نيلو,F
نَيْلُوفَر,F
نَيْلَوفير,F
نيليّة,F
نِيم,F
نيوشا,F
نیاز,F
نیایش,F
نیکا,F
نیکتا,F
نیکو,F
نیکی,F
نیلا,F
نیلگون,F
نیلوفر,F
نیلیا,F
هَائِلَة,F
هَاجِرَة,F
هادية,F
هارونة,F
هَالَة,F
هاله,F
هانية,F
هانیتا,F
هایده,F
هبة,F
هَبَيَّة,F
هَجْرَاء,F
هِجْرَة,F
هَدَال,F
هَدَاهِد,F
هَدْفة,F
هُدَى,F
هُرَيْرَة,F
هَزِيم,F
هَستي,F
هَطَّال,F
هِلَّة,F
هَلُول,F
هُما,F
هُمادخت,F
همتا,F
همدم,F
همراز,F
هناء,F
هِنْد,F
هنگامه,F
هنيّة,F
هونیا,F
هويدا,F
هُوَيْنا,F
هَيْبَا,F
هَيْبَة,F
هِيژا,F
هَيِّن,F
هیدی,F
وِئام,F
وَائِلة,F
وَاثِقَة,F
وَاجِبَة,F
وَاحِدَة,F
وَادِيَة,F
وَارِثَة,F
وَارِدَة,F
وَازِعَة,F
وَازِن,F
وَاسِعَة,F
وَاصِفَة,F
وَاضِحا,F
وَاضِحَة,F
وَافية,F
وَاقِدَة,F
وَالِية,F
وانية,F
وَاهِبَة,F
وجاهة,F
وَجَاهَت,F
وِجْدَان,F
وَجِيدَا,F
وَجِيدَة,F
وَجِيْهَة,F
وَحْدَة,F
وحدت,F
وَحِيْدَة,F
وِدّ,F
وَدَّا,F
وِدَاد,F
وَدَّة,F
وَدِيْدَة,F
وِرَاد,F
وَرْد,F
وَرْدَا,F
وَرْدَة,F
وَرْدِيَّة,F
وَرْقَاء,F
وُرُوْد,F
وُرَيْدَة,F
وَرِيفَة,F
وَزْنَة,F
وَزِينَة,F
وَسَامَة,F
وِسَامَة,F
وَسْمَاء,F
وَسِيْلَة,F
وَسِيْمَة,F
وَشَان,F
وَشَانا,F
وشتي,F
وِصَال,F
وَصَايَا,F
وَصْفَة,F
وَصْفِيَّة,F
وَصِيَّة,F
وَضَّا,F
وَضحَاء,F
وَضْحَة,F
وَعْد,F
وَفَاء | وَفَا,F
وِفَاق,F
وَفْقَة,F
وَفِيَّة,F
وَفِيْقَة,F
وَقَّاء,F
وِقَاء,F
وَلِيَّة,F
وَلِيدَة,F
وَندا,F
وَهْبَة,F
وَهْبِيّة,F
وَهِيبة,F
وُهَيْبَة,F
وەنەوشە,F
ويانا,F
ويدا,F
ويستا,F
وينا,F
ياسرة,F
ياسم,F
ياسمه,F
ياسمون,F
ياسمين,F
ياسمينه,F
يَاقُوْت,F
يَامِنَة,F
يَزِيدَة,F
يسال,F
يُسْر الله,F
يُسْرَات,F
يُسْرَة,F
يسرى,F
يُسْرِيَّة,F
يَسنا,F
يَسِيْرَة,F
يَشْعَل,F
يَعْمَر,F
يَقِيْن,F
يَقِيْنَة,F
يَلِيْنَا,F
يَمَامَة,F
يُمْنَات,F
يُمْنَة,F
يمنى,F
يَمينا,F
يمينة,F
يوسما,F
یاس,F
یاسمینا,F
یانا,F
یکتا,F
یگانه,F
